Subsequence,Frequency,Rank
cc,997,1
O),640,2
CC,635,3
C(,538,4
[C,516,5
[C@,516,6
C@,516,7
ccc,510,8
H],469,9
(C,469,10
=O,466,11
=O),443,12
@H,437,13
@H],437,14
(=,415,15
)c,415,16
c1,410,17
(=O,407,18
(=O),407,19
c(,383,20
C),327,21
C(=,319,22
C(=O,311,23
C(=O),311,24
)C,301,25
c2,260,26
[C@@,258,27
C@@,258,28
@@,258,29
(C),252,30
[C@@H,225,31
[C@@H],225,32
C@@H,225,33
C@@H],225,34
@@H,225,35
@@H],225,36
cccc,221,37
[C@H,212,38
[C@H],212,39
C@H,212,40
C@H],212,41
1c,212,42
](,203,43
C[,203,44
cc(,199,45
(O,198,46
C[C,197,47
C[C@,197,48
c1c,184,49
CCC,184,50
@H](,180,51
H](,180,52
1cc,163,53
)[,161,54
c1cc,160,55
]1,153,56
=C,153,57
C(C,149,58
2c,147,59
OC,145,60
1C,143,61
O)c,141,62
)N,141,63
c2c,140,64
c3,137,65
)[C,134,66
)[C@,134,67
(O),133,68
ccc(,133,69
(N,131,70
)O,130,71
c1ccc,125,72
1ccc,125,73
)cc,124,74
nc,122,75
H]1,122,76
O)C,120,77
CN,120,78
@H]1,118,79
)c1,118,80
CO,113,81
O)O,112,82
NC,111,83
)(,110,84
C(C),104,85
cc1,102,86
=O)O,102,87
(=O)O,101,88
cc2,97,89
C)C,97,90
O)[,96,91
C(=O)O,96,92
C1,96,93
O)N,96,94
[C@@H](,95,95
C@@H](,95,96
@@H](,95,97
]2,94,98
CC(,93,99
ccccc,93,100
C[C@@,91,101
=O)N,91,102
2cc,90,103
c(C,89,104
(=O)N,89,105
c(O,87,106
c2cc,86,107
)CC,86,108
2),86,109
[C@H](,85,110
C@H](,85,111
CC[,85,112
C(=O)N,85,113
2C,84,114
CC[C,82,115
CC[C@,82,116
(C(,82,117
3c,79,118
@],79,119
F),78,120
=C(,77,121
](O,76,122
Cc,76,123
CCCC,76,124
CCN,76,125
@H](O,75,126
H](O,75,127
C[C@H,75,128
C[C@H],75,129
H]2,75,130
@H]2,74,131
(C)C,74,132
3),73,133
O)[C,72,134
O)[C@,72,135
c3c,72,136
=O)c,72,137
)[C@@,70,138
N(,70,139
)=,70,140
NC(,70,141
)c(,70,142
](C,69,143
=O)C,69,144
)[C@@H,67,145
)[C@@H],67,146
N),67,147
C[C@@H,67,148
C[C@@H],67,149
2ccc,67,150
](O),66,151
@H](O),65,152
H](O),65,153
c2ccc,65,154
@H]1C,64,155
H]1C,64,156
]1C,64,157
cn,63,158
[C@H]1,63,159
C@H]1,63,160
c(N,63,161
(C(=,63,162
(C(=O,63,163
(C(=O),63,164
]3,63,165
)c1c,63,166
N(C,62,167
)C(,62,168
C)c,62,169
@H](C,61,170
H](C,61,171
(F,61,172
(F),61,173
c1cccc,60,174
1cccc,60,175
(=O)c,59,176
1CC,59,177
)[C@H,58,178
)[C@H],58,179
CC(=,58,180
CC(=O,58,181
CC(=O),58,182
cc(O,58,183
C=,57,184
ccc2,57,185
(N),56,186
OC(,56,187
3cc,56,188
[C@@H]1,55,189
C@@H]1,55,190
@@H]1,55,191
(=O)C,55,192
c3cc,55,193
Nc,54,194
/C,54,195
C(=O)C,54,196
Cl,54,197
)c1cc,54,198
O)c1,54,199
=O)[,53,200
C=C,53,201
c1ccc(,53,202
1ccc(,53,203
)c2,52,204
CN(,52,205
@H]3,52,206
H]3,52,207
3C,52,208
2[,51,209
(=O)[,51,210
NC(=,51,211
NC(=O,51,212
NC(=O),51,213
Cc1,50,214
(O)c,50,215
ccc1,49,216
(OC,49,217
)n,48,218
C)(,48,219
Oc,48,220
1),48,221
CN(C,47,222
(C)(,47,223
Cl),47,224
l),47,225
cc3,47,226
c2),47,227
=C(C,47,228
3ccc,47,229
[C@],46,230
C@],46,231
(c,46,232
c3ccc,46,233
C/,45,234
2)c,45,235
c4,45,236
O[,44,237
O[C,44,238
O[C@,44,239
COC,44,240
cc(C,44,241
N2,44,242
2[C,43,243
2[C@,43,244
)(C,43,245
OCC,43,246
CC1,43,247
[C@H](O,42,248
C@H](O,42,249
12,42,250
[C@@H]2,42,251
C@@H]2,42,252
@@H]2,42,253
(CC,41,254
)C(=,41,255
ccccc1,41,256
cccc1,41,257
)cc1,41,258
)c1ccc,41,259
CCN(,41,260
c(OC,41,261
Cc1c,40,262
)C(=O,40,263
)C(=O),40,264
O)c1c,40,265
O)[C@@,39,266
[C@H](O),39,267
C@H](O),39,268
(C(=O)O,39,269
C)[,39,270
O)O),38,271
)O),38,272
O)[C@@H,38,273
O)[C@@H],38,274
c1C,38,275
c1ccccc,38,276
c1ccccc1,38,277
1ccccc,38,278
1ccccc1,38,279
Oc1,38,280
1=,38,281
CCO,38,282
cccc2,38,283
ccc(O,38,284
C)[C,38,285
C)[C@,38,286
CC[C@@,38,287
(O)C,37,288
C/C,37,289
(C)(C,37,290
C)(C,37,291
OC(=,37,292
OC(=O,37,293
OC(=O),37,294
c1),37,295
c(O),37,296
c(O)c,37,297
1C(,37,298
CCN(C,37,299
cnc,36,300
C(=O)[,36,301
)OC,36,302
)=O,36,303
(=O)O),36,304
=O)O),36,305
C2,36,306
[C@H]1C,36,307
C@H]1C,36,308
O)c1cc,36,309
c3),36,310
C(C)(,35,311
Oc1c,35,312
nc(,35,313
2cccc,35,314
3)c,35,315
C(=O)c,35,316
Cc1cc,34,317
/C=,34,318
/C=C,34,319
](N,34,320
(C)(C),34,321
C)(C),34,322
)(C),34,323
cc(N,34,324
S(,34,325
)(=,34,326
)(=O,34,327
)(=O),34,328
C(=O)O),34,329
c2cccc,34,330
)NC,34,331
N[,34,332
N[C,34,333
N[C@,34,334
1C(=,34,335
1C(=O,34,336
1C(=O),34,337
[C@@H](O,33,338
C@@H](O,33,339
@@H](O,33,340
Cl)c,33,341
l)c,33,342
C1=,33,343
[C@@],33,344
C@@],33,345
@@],33,346
CCCCC,33,347
)c3,33,348
2CC,33,349
[n,32,350
[nH,32,351
[nH],32,352
nH,32,353
nH],32,354
CCC(,32,355
CC[C@H,32,356
CC[C@H],32,357
[C@H]2,32,358
C@H]2,32,359
n1,32,360
-c,32,361
ccc(C,32,362
(Cl,32,363
(Cl),32,364
)=C,32,365
C(C)(C,32,366
C(C)(C),32,367
(NC,32,368
=O)c1,32,369
F)c,32,370
O)(,31,371
(O)[,31,372
(O)[C,31,373
(O)[C@,31,374
C[C@H](,31,375
)c2c,31,376
@H](N,31,377
H](N,31,378
CC(C,31,379
Oc1cc,31,380
O)CC,31,381
N(C),31,382
@]1,31,383
[C@@H](C,31,384
C@@H](C,31,385
@@H](C,31,386
cc2),31,387
C[C@],31,388
3CC,31,389
C4,31,390
c1n,30,391
1n,30,392
[C@H](C,30,393
C@H](C,30,394
)[C@@H](,30,395
O)[C@H,30,396
O)[C@H],30,397
)[C@H](,30,398
CC(C),30,399
COc,30,400
COc1,30,401
2c(,30,402
C)CC,30,403
(-,30,404
ccc3,30,405
]3C,30,406
2ccccc,30,407
(C)[,30,408
@H](O)[,29,409
@H](O)[C,29,410
@H](O)[C@,29,411
H](O)[,29,412
H](O)[C,29,413
H](O)[C@,29,414
](O)[,29,415
](O)[C,29,416
](O)[C@,29,417
C[C@@H](,29,418
c2c(,29,419
COC(,29,420
)=O),29,421
O)cc,29,422
c(Cl,29,423
c(Cl),29,424
c(-,29,425
@H]3C,29,426
H]3C,29,427
C3,29,428
c2ccccc,29,429
C(C)=,29,430
(C)=,29,431
C)=,29,432
C(C(,29,433
)N2,29,434
N2C,29,435
=O)[C,29,436
=O)[C@,29,437
(C)[C,29,438
(C)[C@,29,439
CC[C@@H,29,440
CC[C@@H],29,441
cc2c,29,442
(=O)c1,29,443
cc(OC,29,444
N(C)C,28,445
=O)OC,28,446
O)OC,28,447
c(C(,28,448
[C@@H]1C,28,449
C@@H]1C,28,450
@@H]1C,28,451
ccccc2,28,452
N1,28,453
C(C(=,28,454
C(C(=O,28,455
C(C(=O),28,456
1(,28,457
O)N2,28,458
)cc2,28,459
COc1c,27,460
(=O)OC,27,461
c(Cl)c,27,462
(Cl)c,27,463
(-c,27,464
c2ccccc2,27,465
2ccccc2,27,466
(NC(,27,467
(NC(=,27,468
(NC(=O,27,469
(NC(=O),27,470
4c,27,471
O)c1ccc,27,472
C(=O)[C,27,473
C(=O)[C@,27,474
(=O)[C,27,475
(=O)[C@,27,476
@H]1CC,27,477
H]1CC,27,478
]1CC,27,479
CNC,27,480
(=O)c1c,27,481
=O)c1c,27,482
Nc1,26,483
c1nc,26,484
1nc,26,485
[C@@H](O),26,486
C@@H](O),26,487
@@H](O),26,488
2n,26,489
[nH]c,26,490
nH]c,26,491
H]c,26,492
]c,26,493
[N,26,494
)CCC,26,495
(C)c,26,496
C(=O)OC,26,497
ccc(N,26,498
O)=,26,499
c(-c,26,500
[C@H]3,26,501
C@H]3,26,502
C(C(=O)O,26,503
21,26,504
[C@@H]3,26,505
C@@H]3,26,506
@@H]3,26,507
(=O)(,25,508
=O)(,25,509
+],25,510
Cc1ccc,25,511
)c1ccc(,25,512
@H]2[,25,513
@H]2[C,25,514
@H]2[C@,25,515
H]2[,25,516
H]2[C,25,517
H]2[C@,25,518
]2[,25,519
]2[C,25,520
]2[C@,25,521
1cc(,25,522
c4c,25,523
cc3),25,524
n2,24,525
1O,24,526
c2n,24,527
CCC(=,24,528
CCC(=O,24,529
CCC(=O),24,530
CC(=O)O,24,531
[C@@H](N,24,532
C@@H](N,24,533
@@H](N,24,534
COc1cc,24,535
(C)C),24,536
C)C),24,537
)C),24,538
COC(=,24,539
COC(=O,24,540
COC(=O),24,541
-c2,24,542
]12,24,543
nn,24,544
2ccc(,24,545
C[C@@],24,546
)c3c,24,547
O)[C@@H](,23,548
)[C@@H]1,23,549
@H](O)C,23,550
H](O)C,23,551
](O)C,23,552
-],23,553
\C,23,554
@H]2C,23,555
H]2C,23,556
]2C,23,557
CCOC,23,558
c2)c,23,559
2[C@@,23,560
2[C@@H,23,561
2[C@@H],23,562
cc(O),23,563
cc(O)c,23,564
C1=C,23,565
1=C,23,566
(C)N,23,567
C)N,23,568
)=C(,23,569
CS,23,570
C(=O)N2,23,571
(=O)N2,23,572
=O)N2,23,573
2C(,23,574
c1cc(,23,575
c2ccc(,23,576
)CC[,23,577
)CC[C,23,578
)CC[C@,23,579
]4,23,580
)C[,23,581
)C[C,23,582
)C[C@,23,583
c(c,23,584
(=O)c1cc,23,585
=O)c1cc,23,586
c3cccc,23,587
3cccc,23,588
cccc3,23,589
4C,23,590
=C/,23,591
c(=,22,592
c(=O,22,593
c(=O),22,594
)nc,22,595
CO),22,596
(=O)[O,22,597
(=O)[O-,22,598
(=O)[O-],22,599
=O)[O,22,600
=O)[O-,22,601
=O)[O-],22,602
O)[O,22,603
O)[O-,22,604
O)[O-],22,605
)[O,22,606
)[O-,22,607
)[O-],22,608
[O,22,609
[O-,22,610
[O-],22,611
O-,22,612
O-],22,613
C/C=,22,614
C/C=C,22,615
Oc1ccc,22,616
cc1),22,617
(C(=O)O),22,618
)C1,22,619
C1=C(,22,620
1=C(,22,621
)c(O,22,622
)N[,22,623
)N[C,22,624
)N[C@,22,625
C(=O)c1,22,626
)c(C,22,627
c3ccccc,22,628
3ccccc,22,629
c(F,22,630
c(F),22,631
(F)c,22,632
nc2,21,633
O)c2,21,634
)c2cc,21,635
N(CC,21,636
1c(,21,637
](C),21,638
c(-c2,21,639
(-c2,21,640
-c2c,21,641
[C@]1,21,642
C@]1,21,643
c1ccc(O,21,644
1ccc(O,21,645
(C)NC,21,646
C)NC,21,647
C(C)=C,21,648
(C)=C,21,649
C)=C,21,650
)=C(C,21,651
O[C@@,21,652
@H]1C(,21,653
H]1C(,21,654
]1C(,21,655
1C(=O)N,21,656
3[,21,657
C(=O)c1c,21,658
c3ccccc3,21,659
3ccccc3,21,660
ccccc3,21,661
OC),21,662
c(F)c,21,663
ncn,20,664
([,20,665
C)c1,20,666
(C)CC,20,667
CCc,20,668
C3),20,669
)Nc,20,670
4),20,671
]3CC,20,672
CC4,20,673
(O)c1,20,674
(=O)N[,20,675
(=O)N[C,20,676
(=O)N[C@,20,677
=O)N[,20,678
=O)N[C,20,679
=O)N[C@,20,680
O)N[,20,681
O)N[C,20,682
O)N[C@,20,683
ccc2c,20,684
C(N,20,685
2c1,19,686
2[C@H,19,687
2[C@H],19,688
2nc,19,689
O)[C@H](,19,690
cccc(,19,691
@]2,19,692
CN(C),19,693
OC(=O)C,19,694
=O)CC,19,695
)ccc,19,696
3)C,19,697
C(F,19,698
C(F),19,699
O=,19,700
C1=C(C,19,701
1=C(C,19,702
NC(C,19,703
O)c(,19,704
@H]1C(=,19,705
@H]1C(=O,19,706
@H]1C(=O),19,707
H]1C(=,19,708
H]1C(=O,19,709
H]1C(=O),19,710
]1C(=,19,711
]1C(=O,19,712
]1C(=O),19,713
(=O)Nc,19,714
=O)Nc,19,715
O)Nc,19,716
@H]3CC,19,717
H]3CC,19,718
CC2,19,719
O)c1ccc(,19,720
N1C,19,721
C(=O)N[,19,722
C(=O)N[C,19,723
C(=O)N[C@,19,724
2)C,19,725
1CC[,19,726
3ccc(,19,727
C)[C@@,19,728
ncc,19,729
S(=,19,730
S(=O,19,731
S(=O),19,732
S(=O)(,19,733
S(=O)(=,19,734
S(=O)(=O,19,735
S(=O)(=O),19,736
(=O)(=,19,737
(=O)(=O,19,738
(=O)(=O),19,739
=O)(=,19,740
=O)(=O,19,741
=O)(=O),19,742
O)(=,19,743
O)(=O,19,744
O)(=O),19,745
c2c1,18,746
O[C@H,18,747
O[C@H],18,748
C[C@H](O,18,749
)[C@H](O,18,750
)[C@H](O),18,751
CN(CC,18,752
CN(C)C,18,753
(=O)=,18,754
(=O)=O,18,755
=O)=,18,756
=O)=O,18,757
O)=O,18,758
1)C,18,759
c(-c2c,18,760
(-c2c,18,761
-c2cc,18,762
2)cc,18,763
O)C(,18,764
ccc(O),18,765
ccc(O)c,18,766
NC(C),18,767
=C(C(,18,768
=C(C(=,18,769
=C(C(=O,18,770
=C(C(=O),18,771
=C(C(=O)O,18,772
)[C@H]1,18,773
C#,18,774
)C(=O)N,18,775
S[,18,776
S[C,18,777
S[C@,18,778
C(=O)Nc,18,779
1CC[C,18,780
1CC[C@,18,781
CNC(,18,782
NC(=O)c,18,783
c3ccc(,18,784
)c3cc,18,785
c(C),18,786
c(OC),18,787
c(OC)c,18,788
(OC),18,789
(OC)c,18,790
OC)c,18,791
@H](O)[C@@,17,792
H](O)[C@@,17,793
](O)[C@@,17,794
(O)[C@@,17,795
c2nc,17,796
[C@H](O)[,17,797
[C@H](O)[C,17,798
C@H](O)[,17,799
C@H](O)[C,17,800
C@H](O)[C@,17,801
COc1ccc,17,802
[N+,17,803
[N+],17,804
N+,17,805
N+],17,806
NS,17,807
c(N),17,808
cc(-,17,809
c(C(=,17,810
c(C(=O,17,811
c(C(=O),17,812
1[,17,813
O)C1,17,814
=C(C),17,815
C(C)N,17,816
C)[C@H,17,817
C)[C@H],17,818
O[C@@H,17,819
O[C@@H],17,820
=O)[C@@,17,821
=O)[C@@H,17,822
=O)[C@@H],17,823
N[C@H,17,824
N[C@H],17,825
N[C@@,17,826
C(=O)c1cc,17,827
c3)c,17,828
ccn,17,829
C)[C@@H,17,830
C)[C@@H],17,831
](NC,17,832
)c3ccc,17,833
ccc(OC,17,834
C2),17,835
H](O)[C@@H,16,836
](O)[C@@H,16,837
](O)[C@@H],16,838
(O)[C@@H,16,839
(O)[C@@H],16,840
C[C@H](O),16,841
)CO,16,842
O)c2c,16,843
cc1C,16,844
2(,16,845
c(=O)c,16,846
=O)c2,16,847
@]12,16,848
CC),16,849
C(C)NC,16,850
)NC(,16,851
C(C)C,16,852
1(C,16,853
)O[,16,854
)O[C,16,855
)O[C@,16,856
(C(=O)N,16,857
4cc,16,858
O)CC[,16,859
O)CC[C,16,860
O)CC[C@,16,861
N[C@@H,16,862
N[C@@H],16,863
2C(=,16,864
2C(=O,16,865
2C(=O),16,866
3[C,16,867
3[C@,16,868
@H](NC,16,869
H](NC,16,870
/C=C/,16,871
C=C/,16,872
=C/C,16,873
(C)[C@@,16,874
C(N),16,875
)cc3,16,876
C)cc,16,877
cc4,16,878
@H]1O,15,879
H]1O,15,880
]1O,15,881
n(,15,882
=C\,15,883
=C\C,15,884
C\,15,885
C\C,15,886
(=O)c2,15,887
(C)(C)C,15,888
C)(C)C,15,889
)(C)C,15,890
)(=O)=,15,891
)(=O)=O,15,892
N)c,15,893
cc(Cl,15,894
cc(Cl),15,895
cc(Cl)c,15,896
Cl)cc,15,897
l)cc,15,898
cc(-c,15,899
c(-c2cc,15,900
(-c2cc,15,901
cc(C(,15,902
2)cc1,15,903
@]12C,15,904
]12C,15,905
12C,15,906
C[C@@H](O,15,907
C[C@@H](O),15,908
O=C,15,909
1N,15,910
c2ccccc2),15,911
2ccccc2),15,912
ccccc2),15,913
cccc2),15,914
ccc2),15,915
/C(,15,916
=O)C1,15,917
O)C1=,15,918
)C1=,15,919
(C(=O)OC,15,920
@]1(,15,921
]1(,15,922
C[C@H]1,15,923
[C@@H]2[,15,924
[C@@H]2[C,15,925
[C@@H]2[C@,15,926
C@@H]2[,15,927
C@@H]2[C,15,928
C@@H]2[C@,15,929
@@H]2[,15,930
@@H]2[C,15,931
@@H]2[C@,15,932
[C@@H]3C,15,933
C@@H]3C,15,934
@@H]3C,15,935
c4cc,15,936
@H](C),15,937
H](C),15,938
3CCC,15,939
C4=,15,940
4=,15,941
(c1,15,942
c2c(c,15,943
2c(c,15,944
CC(=O)C,15,945
NC[,15,946
NC[C,15,947
NC[C@,15,948
C(=O)[C@@,15,949
C(=O)[C@@H,15,950
(=O)[C@@,15,951
(=O)[C@@H,15,952
(=O)[C@@H],15,953
)cc2),15,954
[C@@H](NC,15,955
C@@H](NC,15,956
@@H](NC,15,957
](NC(,15,958
](NC(=,15,959
](NC(=O,15,960
](NC(=O),15,961
c3ccccc3),15,962
3ccccc3),15,963
ccccc3),15,964
cccc3),15,965
ccc3),15,966
[C@H]1CC,15,967
C@H]1CC,15,968
Nc1c,15,969
OCCN,15,970
c1c(,15,971
Cc2,15,972
C[C@@H]2,15,973
CC3,15,974
4CC,15,975
F)cc,15,976
(Nc,15,977
[C@H](O)C,14,978
C@H](O)C,14,979
O)CO,14,980
-]),14,981
]),14,982
c1cccc(,14,983
1cccc(,14,984
1=O,14,985
COC(=O)C,14,986
C(=O)CC,14,987
(=O)CC,14,988
NS(,14,989
)(=O)=O),14,990
(=O)=O),14,991
=O)=O),14,992
O)=O),14,993
c1nc(,14,994
1nc(,14,995
nc(N,14,996
c1ccc(C,14,997
1ccc(C,14,998
c(Cl)cc,14,999
(Cl)cc,14,1000
[C@H]3C,14,1001
C@H]3C,14,1002
C(F)(,14,1003
C(F)(F,14,1004
C(F)(F),14,1005
(F)(,14,1006
(F)(F,14,1007
(F)(F),14,1008
F)(,14,1009
F)(F,14,1010
F)(F),14,1011
)(F,14,1012
)(F),14,1013
)N1,14,1014
c(O)cc,14,1015
(O)cc,14,1016
C(=O)C1,14,1017
C(=O)C1=,14,1018
(=O)C1,14,1019
(=O)C1=,14,1020
=O)C1=,14,1021
)NC(C,14,1022
OC(C,14,1023
1c1,14,1024
1c1c,14,1025
)N2C,14,1026
N2C(,14,1027
S[C@@,14,1028
S[C@@H,14,1029
S[C@@H],14,1030
(Cc,14,1031
c(I,14,1032
c(I),14,1033
c(I)c,14,1034
(I,14,1035
(I),14,1036
(I)c,14,1037
I),14,1038
I)c,14,1039
#C,14,1040
C[C@]1,14,1041
CCC4,14,1042
C4=C,14,1043
4=C,14,1044
=CC,14,1045
cc2c(,14,1046
CCCCCC,14,1047
CCN(CC,14,1048
N1CC,14,1049
3)cc,14,1050
cc2)c,14,1051
@H](NC(,14,1052
@H](NC(=,14,1053
@H](NC(=O,14,1054
@H](NC(=O),14,1055
H](NC(,14,1056
H](NC(=,14,1057
H](NC(=O,14,1058
H](NC(=O),14,1059
(OC(,14,1060
2cc(,14,1061
)c1C,14,1062
1CCC,14,1063
(C)[C@@H,14,1064
(C)[C@@H],14,1065
CCN(C),14,1066
CC3),14,1067
(=O)c1ccc,14,1068
=O)c1ccc,14,1069
2O,14,1070
4)c,14,1071
cnc2,13,1072
(CO,13,1073
)[C@@H](O,13,1074
n(C,13,1075
(O)[C@H,13,1076
(O)[C@H],13,1077
(=O)[O-]),13,1078
=O)[O-]),13,1079
O)[O-]),13,1080
)[O-]),13,1081
[O-]),13,1082
O-]),13,1083
CC(C)(,13,1084
c([,13,1085
C[C@H]2,13,1086
n1c,13,1087
[N+](,13,1088
N+](,13,1089
+](,13,1090
CCOC(,13,1091
(=O)OCC,13,1092
=O)OCC,13,1093
O)OCC,13,1094
)OCC,13,1095
Cc1ccc(,13,1096
ccc(Cl,13,1097
ccc(Cl),13,1098
ccc(Cl)c,13,1099
-c2ccc,13,1100
cc(C(=,13,1101
cc(C(=O,13,1102
cc(C(=O),13,1103
C(=O)O)c,13,1104
(=O)O)c,13,1105
=O)O)c,13,1106
O)O)c,13,1107
)O)c,13,1108
(c2,13,1109
C/C(,13,1110
O)C1=C,13,1111
O)C1=C(,13,1112
O)C1=C(C,13,1113
)C1=C,13,1114
)C1=C(,13,1115
)C1=C(C,13,1116
=C(C)N,13,1117
C(C)NC(,13,1118
(C)NC(,13,1119
C)NC(,13,1120
)NC(C),13,1121
C(C(=O)OC,13,1122
1c1cc,13,1123
1c1ccc,13,1124
1c1cccc,13,1125
c12,13,1126
C1(,13,1127
1(C),13,1128
SC,13,1129
O)N2C,13,1130
]21,13,1131
=O)[C@@H](,13,1132
1C(=O)N2,13,1133
@H]4,13,1134
H]4,13,1135
C(C)(C)C,13,1136
1CCN,13,1137
)c2ccc,13,1138
c2)C,13,1139
@H]1CC[,13,1140
@H]1CC[C,13,1141
@H]1CC[C@,13,1142
H]1CC[,13,1143
H]1CC[C,13,1144
H]1CC[C@,13,1145
]1CC[,13,1146
]1CC[C,13,1147
]1CC[C@,13,1148
CNC(=,13,1149
CNC(=O,13,1150
CNC(=O),13,1151
Nc3,13,1152
@H]2[C@@,13,1153
@H]2[C@@H,13,1154
@H]2[C@@H],13,1155
H]2[C@@,13,1156
H]2[C@@H,13,1157
H]2[C@@H],13,1158
]2[C@@,13,1159
]2[C@@H,13,1160
]2[C@@H],13,1161
[C@@H](NC(,13,1162
C@@H](NC(,13,1163
C@@H](NC(=,13,1164
@@H](NC(,13,1165
@@H](NC(=,13,1166
@@H](NC(=O,13,1167
NC(=O)[,13,1168
NC(=O)[C,13,1169
NC(=O)[C@,13,1170
)c3cccc,13,1171
)c3ccccc,13,1172
[C@@H]2C,13,1173
C@@H]2C,13,1174
@@H]2C,13,1175
)C(=O)O,13,1176
Nc1cc,13,1177
N2CC,13,1178
c1C(,13,1179
c21,13,1180
O)c3,13,1181
O)c3c,13,1182
CCN(C)C,13,1183
c(F)cc,13,1184
(F)cc,13,1185
cc(F,13,1186
cc(F),13,1187
cc(F)c,13,1188
c5,13,1189
nc2c,12,1190
[C@@H](O)[,12,1191
C@@H](O)[,12,1192
C@@H](O)[C,12,1193
@@H](O)[,12,1194
@@H](O)[C,12,1195
@@H](O)[C@,12,1196
@H](O)[C@H,12,1197
H](O)[C@H,12,1198
H](O)[C@H],12,1199
](O)[C@H,12,1200
](O)[C@H],12,1201
C=C\,12,1202
C=C\C,12,1203
CCC(=O)O,12,1204
](N),12,1205
Cc1cccc,12,1206
Cc1ccccc,12,1207
Cc1ccccc1,12,1208
cc([,12,1209
[C@]2,12,1210
C@]2,12,1211
(C)C)c,12,1212
C)C)c,12,1213
)C)c,12,1214
Cn,12,1215
(C)c1,12,1216
CCOC(=,12,1217
CCOC(=O,12,1218
CCOC(=O),12,1219
C(=O)OCC,12,1220
)=O)c,12,1221
O)cc1,12,1222
c1)C,12,1223
C[C@H]3,12,1224
)c1ccc(O,12,1225
cc(O)cc,12,1226
COC(=O)C1,12,1227
COC(=O)C1=,12,1228
OC(=O)C1,12,1229
OC(=O)C1=,12,1230
OC(=O)C1=C,12,1231
C(=O)C1=C,12,1232
C(=O)C1=C(,12,1233
(=O)C1=C,12,1234
(=O)C1=C(,12,1235
(=O)C1=C(C,12,1236
=O)C1=C,12,1237
=O)C1=C(,12,1238
=O)C1=C(C,12,1239
=O)C1=C(C),12,1240
O)C1=C(C),12,1241
O)C1=C(C)N,12,1242
)C1=C(C),12,1243
)C1=C(C)N,12,1244
)C1=C(C)NC,12,1245
C1=C(C),12,1246
C1=C(C)N,12,1247
C1=C(C)NC,12,1248
C1=C(C)NC(,12,1249
1=C(C),12,1250
1=C(C)N,12,1251
1=C(C)NC,12,1252
1=C(C)NC(,12,1253
1=C(C)NC(C,12,1254
=C(C)NC,12,1255
=C(C)NC(,12,1256
=C(C)NC(C,12,1257
=C(C)NC(C),12,1258
C(C)NC(C,12,1259
C(C)NC(C),12,1260
C(C)NC(C)=,12,1261
(C)NC(C,12,1262
(C)NC(C),12,1263
(C)NC(C)=,12,1264
(C)NC(C)=C,12,1265
C)NC(C,12,1266
C)NC(C),12,1267
C)NC(C)=,12,1268
C)NC(C)=C,12,1269
C)NC(C)=C(,12,1270
)NC(C)=,12,1271
)NC(C)=C,12,1272
)NC(C)=C(,12,1273
)NC(C)=C(C,12,1274
NC(C)=,12,1275
NC(C)=C,12,1276
NC(C)=C(,12,1277
NC(C)=C(C,12,1278
NC(C)=C(C(,12,1279
C(C)=C(,12,1280
C(C)=C(C,12,1281
C(C)=C(C(,12,1282
C(C)=C(C(=,12,1283
(C)=C(,12,1284
(C)=C(C,12,1285
(C)=C(C(,12,1286
(C)=C(C(=,12,1287
(C)=C(C(=O,12,1288
C)=C(,12,1289
C)=C(C,12,1290
C)=C(C(,12,1291
C)=C(C(=,12,1292
C)=C(C(=O,12,1293
C)=C(C(=O),12,1294
)=C(C(,12,1295
)=C(C(=,12,1296
)=C(C(=O,12,1297
)=C(C(=O),12,1298
)=C(C(=O)O,12,1299
=C(C(=O)OC,12,1300
OC(C),12,1301
@H]1c,12,1302
@H]1c1,12,1303
@H]1c1c,12,1304
H]1c,12,1305
H]1c1,12,1306
H]1c1c,12,1307
]1c,12,1308
]1c1,12,1309
]1c1c,12,1310
nc1,12,1311
C1(C,12,1312
N)(,12,1313
O)N2C(,12,1314
)N2C(,12,1315
C(C(=O)O),12,1316
[C@H]1C(,12,1317
C@H]1C(,12,1318
(S,12,1319
C#C,12,1320
[C@H]3CC,12,1321
C@H]3CC,12,1322
CCC4=,12,1323
CCC4=C,12,1324
CC4=,12,1325
CC4=C,12,1326
)C[C@@,12,1327
C)C(,12,1328
)C(C,12,1329
CC)C,12,1330
@H](O)c,12,1331
H](O)c,12,1332
](O)c,12,1333
(O)c1c,12,1334
(O)c1cc,12,1335
(O)c1ccc,12,1336
)N[C@H,12,1337
)N[C@H],12,1338
N3,12,1339
)c1cccc,12,1340
CC[C@],12,1341
COCC,12,1342
[C@@H]1CC,12,1343
C@@H]1CC,12,1344
@@H]1CC,12,1345
Nc3c,12,1346
(F)F,12,1347
F)F,12,1348
)F,12,1349
ccnc,12,1350
O)[C@@H](N,12,1351
)[C@@H](N,12,1352
)c3ccccc3,12,1353
C(=O)N2[,12,1354
C(=O)N2[C,12,1355
C(=O)N2[C@,12,1356
(=O)N2[,12,1357
(=O)N2[C,12,1358
(=O)N2[C@,12,1359
=O)N2[,12,1360
=O)N2[C,12,1361
=O)N2[C@,12,1362
O)N2[,12,1363
O)N2[C,12,1364
O)N2[C@,12,1365
)N2[,12,1366
)N2[C,12,1367
)N2[C@,12,1368
N2[,12,1369
N2[C,12,1370
N2[C@,12,1371
C)c(,12,1372
c2cc(,12,1373
c(C)c,12,1374
CC(=O)N,12,1375
O=C(,12,1376
(OCC,12,1377
CC2),12,1378
c1C(=,12,1379
c1C(=O,12,1380
c1C(=O),12,1381
2)c1,12,1382
Cc2c,12,1383
@H]3[,12,1384
@H]3[C,12,1385
@H]3[C@,12,1386
H]3[,12,1387
H]3[C,12,1388
H]3[C@,12,1389
]3[,12,1390
]3[C,12,1391
]3[C@,12,1392
C(=O)c1ccc,12,1393
CCNC,12,1394
c(Nc,12,1395
Nc1n,11,1396
)(O,11,1397
O)[C@@H]1,11,1398
c1cc2,11,1399
1cc2,11,1400
O)[C@H](O,11,1401
O)[C@H](O),11,1402
C/C=C\,11,1403
C/C=C\C,11,1404
/C=C\,11,1405
/C=C\C,11,1406
ccc([,11,1407
([C,11,1408
([C@,11,1409
@]2(,11,1410
]2(,11,1411
Cn1,11,1412
Cn1c,11,1413
(=O)c2c,11,1414
=O)c2c,11,1415
c1ccc(N,11,1416
1ccc(N,11,1417
)cc1),11,1418
CCc1,11,1419
c(N)n,11,1420
(N)n,11,1421
N)n,11,1422
(N)c,11,1423
ccc(-,11,1424
cc(-c2,11,1425
c(-c2ccc,11,1426
(-c2ccc,11,1427
1[C,11,1428
1[C@,11,1429
)C2,11,1430
)OC(,11,1431
1C[,11,1432
1C[C,11,1433
1C[C@,11,1434
@H]1c1cc,11,1435
@H]1c1ccc,11,1436
@H]1c1cccc,11,1437
H]1c1cc,11,1438
H]1c1ccc,11,1439
H]1c1cccc,11,1440
]1c1cc,11,1441
]1c1ccc,11,1442
]1c1cccc,11,1443
CC1(,11,1444
C1(C),11,1445
@H]2[C@H,11,1446
@H]2[C@H],11,1447
H]2[C@H,11,1448
H]2[C@H],11,1449
]2[C@H,11,1450
]2[C@H],11,1451
(N)(,11,1452
[C@]1(,11,1453
C@]1(,11,1454
)CS,11,1455
S[C@@H]2,11,1456
(Oc,11,1457
1)C(,11,1458
[C@H]1C(=,11,1459
[C@H]1C(=O,11,1460
C@H]1C(=,11,1461
C@H]1C(=O,11,1462
C@H]1C(=O),11,1463
@H]1C(=O)N,11,1464
H]1C(=O)N,11,1465
H]1C(=O)N2,11,1466
]1C(=O)N,11,1467
]1C(=O)N2,11,1468
c4ccc,11,1469
4ccc,11,1470
(C)[C@H,11,1471
(C)[C@H],11,1472
]3CCC,11,1473
C)CCC,11,1474
CCCN,11,1475
(CC),11,1476
@H](O)c1,11,1477
@H](O)c1c,11,1478
@H](O)c1cc,11,1479
H](O)c1,11,1480
H](O)c1c,11,1481
H](O)c1cc,11,1482
H](O)c1ccc,11,1483
](O)c1,11,1484
](O)c1c,11,1485
](O)c1cc,11,1486
](O)c1ccc,11,1487
CN1,11,1488
1CCN(,11,1489
N[C@@H](,11,1490
C(=O)N[C@H,11,1491
(=O)N[C@H,11,1492
(=O)N[C@H],11,1493
=O)N[C@H,11,1494
=O)N[C@H],11,1495
O)N[C@H,11,1496
O)N[C@H],11,1497
c1ccccc1),11,1498
1ccccc1),11,1499
ccccc1),11,1500
cccc1),11,1501
ccc1),11,1502
=CC(,11,1503
=CC(=,11,1504
=CC(=O,11,1505
=CC(=O),11,1506
[N+](=,11,1507
[N+](=O,11,1508
[N+](=O),11,1509
[N+](=O)[,11,1510
[N+](=O)[O,11,1511
N+](=,11,1512
N+](=O,11,1513
N+](=O),11,1514
N+](=O)[,11,1515
N+](=O)[O,11,1516
N+](=O)[O-,11,1517
+](=,11,1518
+](=O,11,1519
+](=O),11,1520
+](=O)[,11,1521
+](=O)[O,11,1522
+](=O)[O-,11,1523
+](=O)[O-],11,1524
](=,11,1525
](=O,11,1526
](=O),11,1527
](=O)[,11,1528
](=O)[O,11,1529
](=O)[O-,11,1530
](=O)[O-],11,1531
)CC[C@@,11,1532
NC(=O)c1,11,1533
c(NC,11,1534
Nc3cc,11,1535
(NC(=O)[,11,1536
(NC(=O)[C,11,1537
(NC(=O)[C@,11,1538
N3C,11,1539
c1ccc(OC,11,1540
1ccc(OC,11,1541
)c(OC,11,1542
CC1=,11,1543
/C=C/C,11,1544
C=C/C,11,1545
=C/C(,11,1546
c(OCC,11,1547
2CCC,11,1548
C2)c,11,1549
@H](CC,11,1550
H](CC,11,1551
](CC,11,1552
cc21,11,1553
C(=O)[C@H,11,1554
C(=O)[C@H],11,1555
(=O)[C@H,11,1556
(=O)[C@H],11,1557
=O)[C@H,11,1558
=O)[C@H],11,1559
C(N)=,11,1560
(N)=,11,1561
N)=,11,1562
CC[C@@H]2,11,1563
2CC[,11,1564
1CC[C@@,11,1565
OC(=O)c,11,1566
C1C,11,1567
C1CC,11,1568
[C@H]1O,10,1569
C@H]1O,10,1570
)[C@@H](O),10,1571
)[C@H](O)[,10,1572
@H](N),10,1573
H](N),10,1574
Oc1cccc,10,1575
O)CCC,10,1576
CCC[,10,1577
CCC[C,10,1578
CCC[C@,10,1579
CC[C@H]2,10,1580
[C@H]2C,10,1581
C@H]2C,10,1582
cc(Cl)cc,10,1583
[C@]12,10,1584
[C@]12C,10,1585
C@]12,10,1586
C@]12C,10,1587
2[C@@H]1,10,1588
(c2c,10,1589
/C(=,10,1590
c1ccc(O),10,1591
c1ccc(O)c,10,1592
1ccc(O),10,1593
1ccc(O)c,10,1594
ccc(O)cc,10,1595
1)c,10,1596
1)c1,10,1597
1)c1c,10,1598
C(C)C),10,1599
CC1(C,10,1600
CC1(C),10,1601
)O[C@H,10,1602
)O[C@H],10,1603
[C@H]2[,10,1604
[C@H]2[C,10,1605
[C@H]2[C@,10,1606
C@H]2[,10,1607
C@H]2[C,10,1608
C@H]2[C@,10,1609
23,10,1610
23),10,1611
c(O)c(,10,1612
(O)c(,10,1613
1)C(=,10,1614
1)C(=O,10,1615
1)C(=O),10,1616
@H](C(,10,1617
H](C(,10,1618
](C(,10,1619
ccc(C(,10,1620
)CC[C@H,10,1621
)CC[C@H],10,1622
@H]3CCC,10,1623
H]3CCC,10,1624
cc2c(c,10,1625
)C(C),10,1626
CCN(CC),10,1627
CN(CC),10,1628
N(CC),10,1629
(CC)C,10,1630
c1ccc2,10,1631
1ccc2,10,1632
c(S,10,1633
sc,10,1634
CN1C,10,1635
)N[C@@,10,1636
)N[C@@H,10,1637
)N[C@@H],10,1638
N[C@@H](C,10,1639
)S,10,1640
)c1ccccc,10,1641
)c1ccccc1,10,1642
Nc2,10,1643
CC(C)(C,10,1644
CC(C)(C),10,1645
)NC[,10,1646
)NC[C,10,1647
)NC[C@,10,1648
)[C@@H]1C,10,1649
@]4,10,1650
CNC(=O)c,10,1651
NC(=O)c1c,10,1652
Nc3ccc,10,1653
)c(C(,10,1654
C(F)(F)F,10,1655
(F)(F)F,10,1656
F)(F)F,10,1657
)(F)F,10,1658
](NC(=O)[,10,1659
](NC(=O)[C,10,1660
c3)C,10,1661
Nc1ccc,10,1662
N=,10,1663
)n1,10,1664
CCC1,10,1665
=O)N1,10,1666
O)N1,10,1667
Cc2cc,10,1668
C(N)=O,10,1669
(N)=O,10,1670
N)=O,10,1671
[C@@]1,10,1672
C@@]1,10,1673
@@]1,10,1674
CN(C)CC,10,1675
N(C)CC,10,1676
CC3)c,10,1677
C3)c,10,1678
C)C(=,10,1679
C)C(=O,10,1680
C)C(=O),10,1681
C[C@@H]1,10,1682
cc(OC),10,1683
cc(OC)c,10,1684
@]12CC,10,1685
]12CC,10,1686
12CC,10,1687
2CC[C,10,1688
2CC[C@,10,1689
)cc(,10,1690
@](,10,1691
C4),10,1692
Nc1nc,9,1693
ncnc,9,1694
cn2,9,1695
2[C@H]1,9,1696
1O[,9,1697
1O[C,9,1698
1O[C@,9,1699
](CO,9,1700
)(O),9,1701
O)[C@@H](O,9,1702
nc3,9,1703
3n,9,1704
@H](O)CO,9,1705
H](O)CO,9,1706
](O)CO,9,1707
(O)CO,9,1708
C(=O)[O,9,1709
C(=O)[O-,9,1710
C(=O)[O-],9,1711
C/C=C\C/,9,1712
C/C=C\C/C,9,1713
C/C=C\C/C=,9,1714
/C=C\C/,9,1715
/C=C\C/C,9,1716
/C=C\C/C=,9,1717
/C=C\C/C=C,9,1718
C=C\C/,9,1719
C=C\C/C,9,1720
C=C\C/C=,9,1721
C=C\C/C=C,9,1722
C=C\C/C=C\,9,1723
=C\C/,9,1724
=C\C/C,9,1725
=C\C/C=,9,1726
=C\C/C=C,9,1727
=C\C/C=C\,9,1728
=C\C/C=C\C,9,1729
C\C/,9,1730
C\C/C,9,1731
C\C/C=,9,1732
C\C/C=C,9,1733
C\C/C=C\,9,1734
C\C/C=C\C,9,1735
\C/,9,1736
\C/C,9,1737
\C/C=,9,1738
\C/C=C,9,1739
\C/C=C\,9,1740
\C/C=C\C,9,1741
CCCC(,9,1742
N)C,9,1743
)Cc,9,1744
COc1cccc,9,1745
(O)CC,9,1746
)CCCC,9,1747
)c2c(,9,1748
)(=O)=O)c,9,1749
(=O)=O)c,9,1750
=O)=O)c,9,1751
O)=O)c,9,1752
ccc(Cl)cc,9,1753
ccc(-c,9,1754
c(C(=O)O,9,1755
@H]1C[,9,1756
@H]1C[C,9,1757
@H]1C[C@,9,1758
H]1C[,9,1759
H]1C[C,9,1760
H]1C[C@,9,1761
]1C[,9,1762
]1C[C,9,1763
]1C[C@,9,1764
NC(=O)C,9,1765
(c2cc,9,1766
(c2ccc,9,1767
cc1)c,9,1768
cc1)c1,9,1769
cc1)c1c,9,1770
c1)c,9,1771
c1)c1,9,1772
c1)c1c,9,1773
1)c1cc,9,1774
C)[C@H]1,9,1775
3(,9,1776
S(N,9,1777
S(N),9,1778
S(N)(,9,1779
S(N)(=,9,1780
S(N)(=O,9,1781
S(N)(=O),9,1782
S(N)(=O)=,9,1783
S(N)(=O)=O,9,1784
(N)(=,9,1785
(N)(=O,9,1786
(N)(=O),9,1787
(N)(=O)=,9,1788
(N)(=O)=O,9,1789
N)(=,9,1790
N)(=O,9,1791
N)(=O),9,1792
N)(=O)=,9,1793
N)(=O)=O,9,1794
)C(=O)N2,9,1795
c2[,9,1796
(Cc1,9,1797
(Cc1c,9,1798
c(Oc,9,1799
)c2),9,1800
O[C@@H](,9,1801
[C@@H](O)C,9,1802
C@@H](O)C,9,1803
@@H](O)C,9,1804
O)O[,9,1805
O)O[C,9,1806
O)O[C@,9,1807
N[C@H]1,9,1808
N[C@H]1C,9,1809
C=C(,9,1810
)[C@H]1C,9,1811
ccc(C(=,9,1812
ccc(C(=O,9,1813
ccc(C(=O),9,1814
)[C@H](C,9,1815
[C@H](C),9,1816
C@H](C),9,1817
C4=CC,9,1818
4=CC,9,1819
)C(C)(,9,1820
)C(C)(C,9,1821
)C(C)(C),9,1822
CCN(CC)C,9,1823
CN(CC)C,9,1824
N(CC)C,9,1825
](O)c1ccc(,9,1826
(O)c1ccc(,9,1827
c(S(,9,1828
(S(,9,1829
(C(=O)N[,9,1830
(C(=O)N[C,9,1831
(C(=O)N[C@,9,1832
(=O)N[C@@,9,1833
(=O)N[C@@H,9,1834
=O)N[C@@,9,1835
=O)N[C@@H,9,1836
=O)N[C@@H],9,1837
O)N[C@@,9,1838
O)N[C@@H,9,1839
O)N[C@@H],9,1840
@H]2C(,9,1841
@H]2C(=,9,1842
@H]2C(=O,9,1843
@H]2C(=O),9,1844
H]2C(,9,1845
H]2C(=,9,1846
H]2C(=O,9,1847
H]2C(=O),9,1848
]2C(,9,1849
]2C(=,9,1850
]2C(=O,9,1851
]2C(=O),9,1852
(C)S,9,1853
C)S,9,1854
3)c2,9,1855
cc2)C,9,1856
C1=O,9,1857
=CC(=O)C,9,1858
=O)CC[,9,1859
=O)CC[C,9,1860
=O)CC[C@,9,1861
NC[C@H,9,1862
NC[C@H],9,1863
C[C@H](O)C,9,1864
CCOCC,9,1865
-])c,9,1866
])c,9,1867
O)CC[C@@,9,1868
CC[C@@],9,1869
C[C@]12,9,1870
C[C@]12C,9,1871
cc(NC,9,1872
cc(NC(,9,1873
cc(NC(=,9,1874
cc(NC(=O,9,1875
cc(NC(=O),9,1876
c(NC(,9,1877
c(NC(=,9,1878
c(NC(=O,9,1879
c(NC(=O),9,1880
(F)F),9,1881
F)F),9,1882
)F),9,1883
3)cc2,9,1884
C(O,9,1885
C(O),9,1886
C)[C@@H]1,9,1887
C@@H]2[C@@,9,1888
@@H]2[C@@,9,1889
@@H]2[C@@H,9,1890
H](NC(=O)[,9,1891
)c3ccccc3),9,1892
cc3)C,9,1893
[C@@H]1C(,9,1894
C@@H]1C(,9,1895
@@H]1C(,9,1896
(OC(=,9,1897
(OC(=O,9,1898
(OC(=O),9,1899
C(C)(C)[,9,1900
C(C)(C)[C,9,1901
C(C)(C)[C@,9,1902
(C)(C)[,9,1903
(C)(C)[C,9,1904
(C)(C)[C@,9,1905
C)(C)[,9,1906
C)(C)[C,9,1907
C)(C)[C@,9,1908
)(C)[,9,1909
)(C)[C,9,1910
)(C)[C@,9,1911
cccc2c,9,1912
ccc2c1,9,1913
cc2c1,9,1914
cc(OCC,9,1915
O)C[,9,1916
O)C[C,9,1917
O)C[C@,9,1918
)=O)C,9,1919
c1Cl,9,1920
1Cl,9,1921
1cn,9,1922
(CCC,9,1923
)CC1,9,1924
O)c3cc,9,1925
C[C@@H]3,9,1926
)CC[C@@H,9,1927
)CC[C@@H],9,1928
c1ccc2c,9,1929
1ccc2c,9,1930
nccc,9,1931
(=O)c1ccc(,9,1932
=O)c1ccc(,9,1933
)cc3),9,1934
cc3)c,9,1935
)/,9,1936
c1O,9,1937
c1c(C,9,1938
1c(C,9,1939
C)c2,9,1940
1CC[C@@H,9,1941
1CC[C@@H],9,1942
@H]2O,9,1943
H]2O,9,1944
]2O,9,1945
(=O)c3,9,1946
(=O)c3c,9,1947
=O)c3,9,1948
=O)c3c,9,1949
cc(F)cc,9,1950
C4)c,9,1951
c1ncn,8,1952
1ncn,8,1953
ncn2,8,1954
@H](CO,8,1955
H](CO,8,1956
P(,8,1957
O)(O,8,1958
O)(O),8,1959
c3c(,8,1960
3c(,8,1961
O)n,8,1962
](O)[C@H](,8,1963
(O)[C@H](,8,1964
O)c2cc,8,1965
[NH,8,1966
NH,8,1967
cccc([,8,1968
[C@]2(,8,1969
C@]2(,8,1970
N(C)C),8,1971
c(=O)c2,8,1972
C)n,8,1973
n(C),8,1974
=O)CCC,8,1975
CCc1c,8,1976
CCc1cc,8,1977
cc(-c2c,8,1978
c3cc(,8,1979
3cc(,8,1980
cc(C(=O)O,8,1981
(C(=O)O)c,8,1982
c2)cc,8,1983
c1[,8,1984
F)C,8,1985
=C1,8,1986
C/C(=,8,1987
(/,8,1988
(/C,8,1989
)c1ccc(O),8,1990
)c1ccc(O)c,8,1991
cc1)c1cc,8,1992
c1)c1cc,8,1993
1)c1ccc,8,1994
c1cccc2,8,1995
1cccc2,8,1996
O[C@H]2,8,1997
CO[,8,1998
CO[C,8,1999
CO[C@,8,2000
@]3,8,2001
(N)(=O)=O),8,2002
N)(=O)=O),8,2003
C(=O)N2C,8,2004
(=O)N2C,8,2005
=O)N2C,8,2006
O)=C,8,2007
O)=C(,8,2008
Sc,8,2009
c3n,8,2010
nnn,8,2011
)CS[,8,2012
)CS[C,8,2013
)CS[C@,8,2014
CS[,8,2015
CS[C,8,2016
CS[C@,8,2017
c2[n,8,2018
c2[nH,8,2019
c2[nH],8,2020
2[n,8,2021
2[nH,8,2022
2[nH],8,2023
ccc(O)c(,8,2024
cc(O)c(,8,2025
c1)C(,8,2026
O)C=,8,2027
)C=,8,2028
CO)[,8,2029
CO)[C,8,2030
CO)[C@,8,2031
CN[,8,2032
CN[C,8,2033
CN[C@,8,2034
@H](C(=,8,2035
@H](C(=O,8,2036
@H](C(=O),8,2037
H](C(=,8,2038
H](C(=O,8,2039
H](C(=O),8,2040
](C(=,8,2041
](C(=O,8,2042
](C(=O),8,2043
@H]12,8,2044
H]12,8,2045
1(O,8,2046
@H]3CCC4,8,2047
@H]3CCC4=,8,2048
@H]3CCC4=C,8,2049
H]3CCC4,8,2050
H]3CCC4=,8,2051
H]3CCC4=C,8,2052
]3CCC4,8,2053
]3CCC4=,8,2054
]3CCC4=C,8,2055
3CCC4,8,2056
3CCC4=,8,2057
3CCC4=C,8,2058
4[,8,2059
@]21,8,2060
@]21C,8,2061
]21C,8,2062
21C,8,2063
)C(C)(C)C,8,2064
(C)CCC,8,2065
CCC2,8,2066
CC)CC,8,2067
CC[C@H](,8,2068
1CCN(C,8,2069
C(=O)N[C@@,8,2070
(=O)O)C,8,2071
=O)O)C,8,2072
O)O)C,8,2073
)O)C,8,2074
O)C(C,8,2075
(C)S[,8,2076
(C)S[C,8,2077
(C)S[C@,8,2078
C)S[,8,2079
C)S[C,8,2080
C)S[C@,8,2081
)S[,8,2082
)S[C,8,2083
)S[C@,8,2084
C4=CC(,8,2085
C4=CC(=,8,2086
C4=CC(=O,8,2087
C4=CC(=O),8,2088
C4=CC(=O)C,8,2089
4=CC(,8,2090
4=CC(=,8,2091
4=CC(=O,8,2092
4=CC(=O),8,2093
4=CC(=O)C,8,2094
@H]3CC[,8,2095
@H]3CC[C,8,2096
@H]3CC[C@,8,2097
H]3CC[,8,2098
H]3CC[C,8,2099
H]3CC[C@,8,2100
]3CC[,8,2101
]3CC[C,8,2102
]3CC[C@,8,2103
3CC[,8,2104
3CC[C,8,2105
3CC[C@,8,2106
C[C@]2,8,2107
NC[C@H](,8,2108
NC[C@H](O,8,2109
NC[C@H](O),8,2110
O)c1ccc(O,8,2111
)c(O),8,2112
)c(O)c,8,2113
c(O)c1,8,2114
(C)NC[,8,2115
(C)NC[C,8,2116
(C)NC[C@,8,2117
C)NC[,8,2118
C)NC[C,8,2119
C)NC[C@,8,2120
c1N,8,2121
cc([N,8,2122
cc([N+,8,2123
cc([N+],8,2124
cc([N+](,8,2125
cc([N+](=,8,2126
cc([N+](=O,8,2127
c([N,8,2128
c([N+,8,2129
c([N+],8,2130
c([N+](,8,2131
c([N+](=,8,2132
c([N+](=O,8,2133
c([N+](=O),8,2134
([N,8,2135
([N+,8,2136
([N+],8,2137
([N+](,8,2138
([N+](=,8,2139
([N+](=O,8,2140
([N+](=O),8,2141
([N+](=O)[,8,2142
](=O)[O-]),8,2143
(=O)[O-])c,8,2144
=O)[O-])c,8,2145
O)[O-])c,8,2146
)[O-])c,8,2147
[O-])c,8,2148
O-])c,8,2149
)[C@@H]1CC,8,2150
4(,8,2151
NC(=O)c1cc,8,2152
)c1cc(,8,2153
c3)cc,8,2154
)cc2)c,8,2155
(=O)N2[C@@,8,2156
=O)N2[C@@,8,2157
=O)N2[C@@H,8,2158
O)N2[C@@,8,2159
O)N2[C@@H,8,2160
O)N2[C@@H],8,2161
)N2[C@@,8,2162
)N2[C@@H,8,2163
)N2[C@@H],8,2164
)N2[C@@H]1,8,2165
N2[C@@,8,2166
N2[C@@H,8,2167
N2[C@@H],8,2168
N2[C@@H]1,8,2169
[C@@H]1C(=,8,2170
C@@H]1C(=,8,2171
C@@H]1C(=O,8,2172
@@H]1C(=,8,2173
@@H]1C(=O,8,2174
@@H]1C(=O),8,2175
1C(=O)O,8,2176
c(C(=O)N,8,2177
CC1=C,8,2178
CC1=C(,8,2179
Cc3,8,2180
cs,8,2181
)[C@@H]2,8,2182
/C=C/C(,8,2183
C=C/C(,8,2184
c2c(c1,8,2185
c2c(c1),8,2186
2c(c1,8,2187
2c(c1),8,2188
c(c1,8,2189
c(c1),8,2190
(c1),8,2191
=C[,8,2192
=C[C,8,2193
=C[C@,8,2194
cccc2c1,8,2195
cccc2c1C,8,2196
ccc2c1C,8,2197
cc2c1C,8,2198
c2c1C,8,2199
2c1C,8,2200
ccc(OCC,8,2201
CC2)c,8,2202
nc(-,8,2203
c2C,8,2204
1S,8,2205
N=C,8,2206
N=C(,8,2207
=C(\,8,2208
C(\,8,2209
(\,8,2210
C(C)=O,8,2211
(C)=O,8,2212
C)=O,8,2213
NS(=,8,2214
NS(=O,8,2215
NS(=O),8,2216
NS(=O)(,8,2217
NS(=O)(=,8,2218
NS(=O)(=O,8,2219
NS(=O)(=O),8,2220
S(=O)(=O)c,8,2221
(=O)(=O)c,8,2222
=O)(=O)c,8,2223
O)(=O)c,8,2224
)(=O)c,8,2225
(=O)N1,8,2226
Cc2ccc,8,2227
/c,8,2228
2)CC,8,2229
O)c3ccc,8,2230
C(N)=O),8,2231
(N)=O),8,2232
N)=O),8,2233
c2ccc(C,8,2234
2ccc(C,8,2235
(CN,8,2236
CCN(C)CC,8,2237
nccc(,8,2238
OCCN(,8,2239
OCCN(C,8,2240
)/C,8,2241
)c(OC),8,2242
)c(OC)c,8,2243
1OC,8,2244
CC[C@H]3,8,2245
c4ccc(,8,2246
4ccc(,8,2247
3[C@H,8,2248
3[C@H],8,2249
[C@H]1CC[,8,2250
[C@H]1CC[C,8,2251
C@H]1CC[,8,2252
C@H]1CC[C,8,2253
C@H]1CC[C@,8,2254
@H]1CC[C@@,8,2255
H]1CC[C@@,8,2256
]1CC[C@@,8,2257
(N(,8,2258
(N(C,8,2259
cc1O,8,2260
@H]1[,8,2261
@H]1[C,8,2262
@H]1[C@,8,2263
H]1[,8,2264
H]1[C,8,2265
H]1[C@,8,2266
]1[,8,2267
]1[C,8,2268
]1[C@,8,2269
[nH]cc,8,2270
nH]cc,8,2271
H]cc,8,2272
]cc,8,2273
CCO),8,2274
)N1C,8,2275
=C(N,8,2276
F)c(,8,2277
CC4),8,2278
cnc2c,7,2279
@H]1O[,7,2280
@H]1O[C,7,2281
@H]1O[C@,7,2282
H]1O[,7,2283
H]1O[C,7,2284
H]1O[C@,7,2285
]1O[,7,2286
]1O[C,7,2287
]1O[C@,7,2288
(O)O,7,2289
(O)[C@@H]1,7,2290
cc2n,7,2291
[nH]c(,7,2292
nH]c(,7,2293
H]c(,7,2294
]c(,7,2295
=N,7,2296
C\C/C=C\C/,7,2297
\C/C=C\C/,7,2298
\C/C=C\C/C,7,2299
CCCC(=,7,2300
CCCC(=O,7,2301
CCCC(=O),7,2302
c1cccc([,7,2303
1cccc([,7,2304
1c(=,7,2305
1c(=O,7,2306
1c(=O),7,2307
O)c2c(,7,2308
(n,7,2309
)n(,7,2310
)n(C,7,2311
n(C)c,7,2312
C(=O)CCC,7,2313
(=O)CCC,7,2314
(CCO,7,2315
=O)cc,7,2316
ccc(-c2,7,2317
c(C(=O)O),7,2318
c(C(=O)O)c,7,2319
2C[,7,2320
2C[C,7,2321
2C[C@,7,2322
C[C@H](C,7,2323
nc(C,7,2324
@H]1C[C@@,7,2325
@H]1C[C@@H,7,2326
H]1C[C@@,7,2327
H]1C[C@@H,7,2328
H]1C[C@@H],7,2329
]1C[C@@,7,2330
]1C[C@@H,7,2331
]1C[C@@H],7,2332
1C[C@@,7,2333
1C[C@@H,7,2334
1C[C@@H],7,2335
(CO),7,2336
1NC,7,2337
C(c,7,2338
cc1)c1ccc,7,2339
c1)c1ccc,7,2340
)OC(C,7,2341
)OC(C),7,2342
C)O,7,2343
]3(,7,2344
3(C,7,2345
C(=O)N2C(,7,2346
C(=O)N2C(C,7,2347
(=O)N2C(,7,2348
(=O)N2C(C,7,2349
(=O)N2C(C(,7,2350
=O)N2C(,7,2351
=O)N2C(C,7,2352
=O)N2C(C(,7,2353
=O)N2C(C(=,7,2354
O)N2C(C,7,2355
O)N2C(C(,7,2356
O)N2C(C(=,7,2357
O)N2C(C(=O,7,2358
)N2C(C,7,2359
)N2C(C(,7,2360
)N2C(C(=,7,2361
)N2C(C(=O,7,2362
)N2C(C(=O),7,2363
N2C(C,7,2364
N2C(C(,7,2365
N2C(C(=,7,2366
N2C(C(=O,7,2367
N2C(C(=O),7,2368
2C(C,7,2369
2C(C(,7,2370
2C(C(=,7,2371
2C(C(=O,7,2372
2C(C(=O),7,2373
C(C(=O)O)=,7,2374
(C(=O)O)=,7,2375
(C(=O)O)=C,7,2376
C(=O)O)=,7,2377
C(=O)O)=C,7,2378
C(=O)O)=C(,7,2379
(=O)O)=,7,2380
(=O)O)=C,7,2381
(=O)O)=C(,7,2382
=O)O)=,7,2383
=O)O)=C,7,2384
=O)O)=C(,7,2385
O)O)=,7,2386
O)O)=C,7,2387
O)O)=C(,7,2388
)O)=,7,2389
)O)=C,7,2390
)O)=C(,7,2391
(Cc1cc,7,2392
Cc1cc(,7,2393
cc(I,7,2394
cc(I),7,2395
cc(I)c,7,2396
c2ccc(O,7,2397
2ccc(O,7,2398
)c(I,7,2399
)c(I),7,2400
)c(I)c,7,2401
c1)C(=,7,2402
c1)C(=O,7,2403
c1)C(=O),7,2404
1O[C@@,7,2405
1O[C@@H,7,2406
1O[C@@H],7,2407
O)[C@H]1,7,2408
N[C@H](,7,2409
N[C@H](C,7,2410
3)[,7,2411
3)[C,7,2412
3)[C@,7,2413
@]1(O,7,2414
]1(O,7,2415
CCC4=CC,7,2416
CC4=CC,7,2417
[C@@H]4,7,2418
C@@H]4,7,2419
@@H]4,7,2420
C[C@@]2,7,2421
[C@@]2,7,2422
C@@]2,7,2423
@@]2,7,2424
(c1c,7,2425
(c1cc,7,2426
c1cc2c,7,2427
c1cc2c(,7,2428
1cc2c,7,2429
1cc2c(,7,2430
2(C,7,2431
CCN(CC)CC,7,2432
CN(CC)CC,7,2433
N(CC)CC,7,2434
(CC)CC,7,2435
[C@H](O)c,7,2436
C@H](O)c,7,2437
2nc(,7,2438
)s,7,2439
CCN1,7,2440
CN1CC,7,2441
N1CCN,7,2442
N1CCN(,7,2443
CCN(C(,7,2444
CN(C(,7,2445
N(C(,7,2446
3[C@@,7,2447
3[C@@H,7,2448
3[C@@H],7,2449
C(=O)O)C,7,2450
C(=O)O)C(,7,2451
(=O)O)C(,7,2452
=O)O)C(,7,2453
O)O)C(,7,2454
)O)C(,7,2455
O)C(C),7,2456
O)C(C)(,7,2457
O)C(C)(C,7,2458
O)C(C)(C),7,2459
(C)S[C@@,7,2460
(C)S[C@@H,7,2461
(C)S[C@@H],7,2462
C)S[C@@,7,2463
C)S[C@@H,7,2464
C)S[C@@H],7,2465
C)S[C@@H]2,7,2466
)S[C@@,7,2467
)S[C@@H,7,2468
)S[C@@H],7,2469
)S[C@@H]2,7,2470
C[C@@H](C,7,2471
)N(,7,2472
4=CC(=O)CC,7,2473
=CC(=O)CC,7,2474
CC(=O)CC,7,2475
(O)c1ccc(O,7,2476
O)COc,7,2477
O)COc1,7,2478
)COc,7,2479
)COc1,7,2480
H]1c1cccc(,7,2481
]1c1cccc(,7,2482
1c1cccc(,7,2483
cccc([N,7,2484
cccc([N+,7,2485
cccc([N+],7,2486
cccc([N+](,7,2487
ccc([N,7,2488
ccc([N+,7,2489
ccc([N+],7,2490
ccc([N+](,7,2491
ccc([N+](=,7,2492
=O)[O-])c1,7,2493
O)[O-])c1,7,2494
)[O-])c1,7,2495
[O-])c1,7,2496
O-])c1,7,2497
-])c1,7,2498
])c1,7,2499
1CC[C@H,7,2500
1CC[C@H],7,2501
@]4(,7,2502
]4(,7,2503
4(C,7,2504
CNC(=O)c1,7,2505
CNC(=O)c1c,7,2506
c1cc(O,7,2507
1cc(O,7,2508
ccc(NC,7,2509
ccc(NC(,7,2510
ccc(NC(=,7,2511
ccc(NC(=O,7,2512
ccc(NC(=O),7,2513
C(=O)Nc3,7,2514
(=O)Nc3,7,2515
=O)Nc3,7,2516
O)Nc3,7,2517
)Nc3,7,2518
Nc3ccc(,7,2519
Cl)c(,7,2520
l)c(,7,2521
(C(F,7,2522
(C(F),7,2523
(C(F)(,7,2524
(C(F)(F,7,2525
(C(F)(F),7,2526
(C(F)(F)F,7,2527
(C(F)(F)F),7,2528
C(F)(F)F),7,2529
(F)(F)F),7,2530
F)(F)F),7,2531
)(F)F),7,2532
(F)F)c,7,2533
F)F)c,7,2534
)F)c,7,2535
)c3),7,2536
3)cc2),7,2537
(C(=O)OCC,7,2538
CC1(C)S,7,2539
CC1(C)S[,7,2540
CC1(C)S[C,7,2541
CC1(C)S[C@,7,2542
C1(C)S,7,2543
C1(C)S[,7,2544
C1(C)S[C,7,2545
C1(C)S[C@,7,2546
1(C)S,7,2547
1(C)S[,7,2548
1(C)S[C,7,2549
1(C)S[C@,7,2550
H]2[C@@H](,7,2551
]2[C@@H](,7,2552
]2[C@@H](N,7,2553
2[C@@H](,7,2554
2[C@@H](N,7,2555
c3ccccc3)C,7,2556
3ccccc3)C,7,2557
ccccc3)C,7,2558
cccc3)C,7,2559
ccc3)C,7,2560
3)C(,7,2561
3)C(=,7,2562
3)C(=O,7,2563
3)C(=O),7,2564
3)C(=O)N,7,2565
)C(=O)N2[,7,2566
)C(=O)N2[C,7,2567
[C@@H]2C(,7,2568
[C@@H]2C(=,7,2569
C@@H]2C(,7,2570
C@@H]2C(=,7,2571
C@@H]2C(=O,7,2572
@@H]2C(,7,2573
@@H]2C(=,7,2574
@@H]2C(=O,7,2575
@@H]2C(=O),7,2576
)c2ccc(,7,2577
c(OC(,7,2578
N2C(=,7,2579
N2C(=O,7,2580
N2C(=O),7,2581
)[C@@H](NC,7,2582
Cc3c,7,2583
Cc3cc,7,2584
2S,7,2585
(/C=,7,2586
(/C=C,7,2587
@H]1CCC,7,2588
H]1CCC,7,2589
]1CCC,7,2590
1CCC(,7,2591
(=O)NC,7,2592
=O)NC,7,2593
O)NC,7,2594
NC1,7,2595
C2=,7,2596
2=,7,2597
(OCCN,7,2598
CN2,7,2599
CN2C,7,2600
CN2CC,7,2601
C2)cc,7,2602
C2)cc1,7,2603
ccc12,7,2604
cc12,7,2605
nc(-c,7,2606
c1C(=O)N,7,2607
)C[C@H,7,2608
)C[C@H],7,2609
C(C)=O),7,2610
(C)=O),7,2611
C)=O),7,2612
-c2cccc,7,2613
cc1Cl,7,2614
1cnc,7,2615
C(=O)N1,7,2616
=C/c,7,2617
C/c,7,2618
[C@H](N,7,2619
C@H](N,7,2620
NC(=O)[C@H,7,2621
[C@@H]3[,7,2622
[C@@H]3[C,7,2623
[C@@H]3[C@,7,2624
C@@H]3[,7,2625
C@@H]3[C,7,2626
C@@H]3[C@,7,2627
@@H]3[,7,2628
@@H]3[C,7,2629
@@H]3[C@,7,2630
O)C=C,7,2631
)C=C,7,2632
1)N,7,2633
C(=O)O[,7,2634
C(=O)O[C,7,2635
C(=O)O[C@,7,2636
(=O)O[,7,2637
(=O)O[C,7,2638
(=O)O[C@,7,2639
=O)O[,7,2640
=O)O[C,7,2641
=O)O[C@,7,2642
O)CC[C@@H,7,2643
O)CC[C@@H],7,2644
C[C@@H]2[,7,2645
C[C@@H]2[C,7,2646
[C@@H]3CC,7,2647
C@@H]3CC,7,2648
@@H]3CC,7,2649
N3CC,7,2650
cccn,7,2651
NCC,7,2652
ccc4,7,2653
c(OC)cc,7,2654
(OC)cc,7,2655
OC)cc,7,2656
)cc4,7,2657
c4C,7,2658
OC(=O)c1,7,2659
OC(=O)c1c,7,2660
OC(=O)c1cc,7,2661
)cc21,7,2662
c3ccc(N,7,2663
3ccc(N,7,2664
c(N(,7,2665
c(N(C,7,2666
(=O)c3cc,7,2667
=O)c3cc,7,2668
)C[C@@H,7,2669
)C[C@@H],7,2670
CCC3,7,2671
CCCC1,7,2672
)cn,7,2673
)c(Cl,7,2674
)c(Cl),7,2675
)c(Cl)c,7,2676
CC4)c,7,2677
nc2c1,6,2678
[C@H]1O[,6,2679
[C@H]1O[C,6,2680
[C@H]1O[C@,6,2681
C@H]1O[,6,2682
C@H]1O[C,6,2683
C@H]1O[C@,6,2684
P(=,6,2685
P(=O,6,2686
P(=O),6,2687
P(=O)(,6,2688
P(=O)(O,6,2689
P(=O)(O),6,2690
P(=O)(O)O,6,2691
(=O)(O,6,2692
(=O)(O),6,2693
(=O)(O)O,6,2694
=O)(O,6,2695
=O)(O),6,2696
=O)(O)O,6,2697
O)(O)O,6,2698
)(O)O,6,2699
(C[,6,2700
(O)[C@H](O,6,2701
[C@H](O)CO,6,2702
C@H](O)CO,6,2703
CC(=O)[,6,2704
[NH3,6,2705
[NH3+,6,2706
[NH3+],6,2707
NH3,6,2708
NH3+,6,2709
NH3+],6,2710
H3,6,2711
H3+,6,2712
H3+],6,2713
3+,6,2714
3+],6,2715
CC/,6,2716
CC/C,6,2717
[C@@H](N),6,2718
C@@H](N),6,2719
@@H](N),6,2720
N(C)C)c,6,2721
Cn1c(,6,2722
Cn1c(=,6,2723
Cn1c(=O,6,2724
Cn1c(=O),6,2725
n1c(,6,2726
n1c(=,6,2727
n1c(=O,6,2728
n1c(=O),6,2729
)n(C),6,2730
C[N,6,2731
](C)(,6,2732
CCOC(=O)C,6,2733
Oc1ccc(,6,2734
cc(NS,6,2735
cc(NS(,6,2736
c(NS,6,2737
c(NS(,6,2738
(NS,6,2739
(NS(,6,2740
S(C,6,2741
S(C),6,2742
S(C)(,6,2743
S(C)(=,6,2744
S(C)(=O,6,2745
S(C)(=O),6,2746
S(C)(=O)=,6,2747
S(C)(=O)=O,6,2748
(C)(=,6,2749
(C)(=O,6,2750
(C)(=O),6,2751
(C)(=O)=,6,2752
(C)(=O)=O,6,2753
(C)(=O)=O),6,2754
C)(=,6,2755
C)(=O,6,2756
C)(=O),6,2757
C)(=O)=,6,2758
C)(=O)=O,6,2759
C)(=O)=O),6,2760
C)(=O)=O)c,6,2761
)(=O)=O)cc,6,2762
(=O)=O)cc,6,2763
=O)=O)cc,6,2764
O)=O)cc,6,2765
)=O)cc,6,2766
CCc1ccc,6,2767
nc(N),6,2768
c(N)c,6,2769
cc(-c2cc,6,2770
cc3c,6,2771
cc(C(=O)O),6,2772
c2)cc1,6,2773
3C[,6,2774
3C[C,6,2775
3C[C@,6,2776
C3)C,6,2777
C1),6,2778
FC,6,2779
)nc2,6,2780
(O)[C@@H](,6,2781
@H](CO),6,2782
H](CO),6,2783
](CO),6,2784
=O)C(,6,2785
)cc1)c,6,2786
)cc1)c1,6,2787
)cc1)c1c,6,2788
[C@H]1c,6,2789
[C@H]1c1,6,2790
[C@H]1c1c,6,2791
C@H]1c,6,2792
C@H]1c1,6,2793
C@H]1c1c,6,2794
on,6,2795
)O[C@H]2,6,2796
[C@H]2[C@H,6,2797
C@H]2[C@H,6,2798
C@H]2[C@H],6,2799
CO[C@@,6,2800
]3(C,6,2801
(NC(=O)C,6,2802
O)CS,6,2803
C#N,6,2804
#N,6,2805
O)=C(C,6,2806
CSc,6,2807
n3,6,2808
)CS[C@@,6,2809
)CS[C@@H,6,2810
)CS[C@@H],6,2811
CS[C@@,6,2812
CS[C@@H,6,2813
CS[C@@H],6,2814
c2[nH]c,6,2815
2[nH]c,6,2816
@H](Cc,6,2817
H](Cc,6,2818
](Cc,6,2819
cc(I)c(,6,2820
cc(I)c(O,6,2821
c(I)c(,6,2822
c(I)c(O,6,2823
(I)c(,6,2824
(I)c(O,6,2825
I)c(,6,2826
I)c(O,6,2827
)c2)c,6,2828
2)c(,6,2829
)c1),6,2830
@H]1O[C@@,6,2831
@H]1O[C@@H,6,2832
H]1O[C@@,6,2833
H]1O[C@@H,6,2834
H]1O[C@@H],6,2835
]1O[C@@,6,2836
]1O[C@@H,6,2837
]1O[C@@H],6,2838
(CO)[,6,2839
(CO)[C,6,2840
(CO)[C@,6,2841
]1C(=O)N2C,6,2842
1C(=O)N2C,6,2843
C#C[,6,2844
C#C[C,6,2845
C#C[C@,6,2846
#C[,6,2847
#C[C,6,2848
#C[C@,6,2849
[C@]1(O,6,2850
C@]1(O,6,2851
(O)CC[,6,2852
(O)CC[C,6,2853
(O)CC[C@,6,2854
[C@H]3CCC,6,2855
C@H]3CCC,6,2856
4[C,6,2857
4[C@,6,2858
(c1ccc,6,2859
c(cc,6,2860
(cc,6,2861
2(C),6,2862
CCCCCCC,6,2863
[C@H](O)c1,6,2864
C@H](O)c1,6,2865
C@H](O)c1c,6,2866
O)c1ccc(N,6,2867
)c1ccc(N,6,2868
Oc1ccc2,6,2869
c(S(N,6,2870
c(S(N),6,2871
c(S(N)(,6,2872
c(S(N)(=,6,2873
c(S(N)(=O,6,2874
c(S(N)(=O),6,2875
(S(N,6,2876
(S(N),6,2877
(S(N)(,6,2878
(S(N)(=,6,2879
(S(N)(=O,6,2880
(S(N)(=O),6,2881
(S(N)(=O)=,6,2882
CCN1C,6,2883
)N[C@@H](,6,2884
23)c,6,2885
3)c2c,6,2886
3)c2cc,6,2887
2)C(,6,2888
CCC(=O)C,6,2889
[C@@H](C),6,2890
C@@H](C),6,2891
@@H](C),6,2892
CCC4=CC(,6,2893
CCC4=CC(=,6,2894
CCC4=CC(=O,6,2895
CC4=CC(,6,2896
CC4=CC(=,6,2897
CC4=CC(=O,6,2898
CC4=CC(=O),6,2899
[C@H]4,6,2900
C@H]4,6,2901
@H]3CC[C@],6,2902
H]3CC[C@],6,2903
]3CC[C@],6,2904
3CC[C@],6,2905
O)c1ccc(O),6,2906
c1ccc(O)c(,6,2907
1ccc(O)c(,6,2908
ccc(O)c(O,6,2909
ccc(O)c(O),6,2910
cc(O)c(O,6,2911
cc(O)c(O),6,2912
cc(O)c(O)c,6,2913
c(O)c(O,6,2914
c(O)c(O),6,2915
c(O)c(O)c,6,2916
(O)c(O,6,2917
(O)c(O),6,2918
(O)c(O)c,6,2919
O)c(O,6,2920
O)c(O),6,2921
O)c(O)c,6,2922
@H](O)COc,6,2923
@H](O)COc1,6,2924
H](O)COc,6,2925
H](O)COc1,6,2926
](O)COc,6,2927
](O)COc1,6,2928
(O)COc,6,2929
(O)COc1,6,2930
OCC1,6,2931
]1c1cccc([,6,2932
1c1cccc([,6,2933
1c1cccc([N,6,2934
c1cccc([N,6,2935
c1cccc([N+,6,2936
1cccc([N,6,2937
1cccc([N+,6,2938
1cccc([N+],6,2939
[C@@]4,6,2940
[C@@]4(,6,2941
C@@]4,6,2942
C@@]4(,6,2943
@@]4,6,2944
@@]4(,6,2945
@]4(C,6,2946
]4(C,6,2947
(=O)c1cc(,6,2948
=O)c1cc(,6,2949
O)c1cc(,6,2950
cc(Oc,6,2951
NC(=O)N,6,2952
C(=O)Nc3c,6,2953
(=O)Nc3c,6,2954
=O)Nc3c,6,2955
O)Nc3c,6,2956
)Nc3c,6,2957
c(C(F,6,2958
c(C(F),6,2959
c(C(F)(,6,2960
c(C(F)(F,6,2961
c(C(F)(F),6,2962
c(C(F)(F)F,6,2963
C(F)(F)F)c,6,2964
(F)(F)F)c,6,2965
F)(F)F)c,6,2966
)(F)F)c,6,2967
)c3)c,6,2968
(O)(,6,2969
C(C(=O)OCC,6,2970
[C@@H]1c,6,2971
[C@@H]1c1,6,2972
[C@@H]1c1c,6,2973
C@@H]1c,6,2974
C@@H]1c1,6,2975
C@@H]1c1c,6,2976
C@@H]1c1cc,6,2977
@@H]1c,6,2978
@@H]1c1,6,2979
@@H]1c1c,6,2980
@@H]1c1cc,6,2981
@@H]1c1ccc,6,2982
C1(C)S[C@@,6,2983
1(C)S[C@@,6,2984
1(C)S[C@@H,6,2985
)S[C@@H]2[,6,2986
S[C@@H]2[,6,2987
S[C@@H]2[C,6,2988
2[C@@H](NC,6,2989
NC(=O)[C@@,6,2990
3)C(=O)N2,6,2991
3)C(=O)N2[,6,2992
@H]1C(=O)O,6,2993
H]1C(=O)O,6,2994
]1C(=O)O,6,2995
=O)c(,6,2996
O)c(C,6,2997
O)cc2,6,2998
cc(OC(,6,2999
c(OC(=,6,3000
c(OC(=O,6,3001
c(OC(=O),6,3002
O)C(C)(C)C,6,3003
1)C(=O)O,6,3004
CC1=C(C,6,3005
CC1=C(C(,6,3006
CC1=C(C(=,6,3007
CC1=C(C(=O,6,3008
C1=C(C(,6,3009
C1=C(C(=,6,3010
C1=C(C(=O,6,3011
C1=C(C(=O),6,3012
1=C(C(,6,3013
1=C(C(=,6,3014
1=C(C(=O,6,3015
1=C(C(=O),6,3016
1=C(C(=O)O,6,3017
N2C(=O)[,6,3018
N2C(=O)[C,6,3019
N2C(=O)[C@,6,3020
2C(=O)[,6,3021
2C(=O)[C,6,3022
2C(=O)[C@,6,3023
2C(=O)[C@@,6,3024
@H]2S,6,3025
@H]2SC,6,3026
@H]2SC1,6,3027
H]2S,6,3028
H]2SC,6,3029
H]2SC1,6,3030
]2S,6,3031
]2SC,6,3032
]2SC1,6,3033
2SC,6,3034
2SC1,6,3035
SC1,6,3036
Oc1cc(,6,3037
1cc(C,6,3038
(/C=C/,6,3039
C/C=C/,6,3040
=C/C(=,6,3041
@H]1CCC(,6,3042
H]1CCC(,6,3043
]1CCC(,6,3044
Nc1cccc,6,3045
c1cccc2c,6,3046
1cccc2c,6,3047
C(=O)NC,6,3048
C2=O,6,3049
2=O,6,3050
c1ccc(OCC,6,3051
1ccc(OCC,6,3052
c(OCCN,6,3053
CCCC2,6,3054
)c1c(,6,3055
)ccc1,6,3056
nc(-c2,6,3057
nc(-c2c,6,3058
(C)(C)[C@@,6,3059
C)(C)[C@@,6,3060
C)(C)[C@@H,6,3061
)(C)[C@@,6,3062
)(C)[C@@H,6,3063
)(C)[C@@H],6,3064
CCCCC(,6,3065
(C)[C@@H]1,6,3066
C)[C@@H]1C,6,3067
NC[C@@,6,3068
NC[C@@H,6,3069
NC[C@@H],6,3070
NC[C@@H](,6,3071
=C(\C,6,3072
C(\C,6,3073
(\C,6,3074
\C(,6,3075
=O)N[C@H]1,6,3076
O)N[C@H]1,6,3077
O)N[C@H]1C,6,3078
)N[C@H]1,6,3079
)N[C@H]1C,6,3080
)N[C@H]1C(,6,3081
N[C@H]1C(,6,3082
N[C@H]1C(=,6,3083
12),6,3084
sc(,6,3085
C(=O)Oc,6,3086
(=O)Oc,6,3087
=O)Oc,6,3088
O)Oc,6,3089
)Oc,6,3090
C(=O)Nc1,6,3091
(=O)Nc1,6,3092
=O)Nc1,6,3093
O)Nc1,6,3094
)Nc1,6,3095
O)COc1c,6,3096
O)COc1cc,6,3097
O)COc1ccc,6,3098
O)COc1cccc,6,3099
)COc1c,6,3100
)COc1cc,6,3101
)COc1ccc,6,3102
)COc1cccc,6,3103
)CCCCC,6,3104
c(-c2cccc,6,3105
(-c2cccc,6,3106
)c(N,6,3107
(=O)(=O)c1,6,3108
=O)(=O)c1,6,3109
=O)(=O)c1c,6,3110
O)(=O)c1,6,3111
O)(=O)c1c,6,3112
O)(=O)c1cc,6,3113
)(=O)c1,6,3114
)(=O)c1c,6,3115
)(=O)c1cc,6,3116
c1cn,6,3117
1cnc2,6,3118
CC(=O)O),6,3119
O)C(=,6,3120
O)C(=O,6,3121
O)C(=O),6,3122
)[C@H]2,6,3123
c2)CC,6,3124
2)CC1,6,3125
(=O)[C@H](,6,3126
=O)[C@H](,6,3127
O)[C@H](C,6,3128
O)c3cccc,6,3129
O)c3ccccc,6,3130
CC(=O)C=,6,3131
CC(=O)C=C,6,3132
C(=O)C=,6,3133
C(=O)C=C,6,3134
(=O)C=,6,3135
(=O)C=C,6,3136
=O)C=,6,3137
=O)C=C,6,3138
)[C@],6,3139
@]2(C,6,3140
]2(C,6,3141
[C@@H](CC,6,3142
C@@H](CC,6,3143
@@H](CC,6,3144
c1)N,6,3145
CC[C@@H]2[,6,3146
H]2[C@@H]3,6,3147
]2[C@@H]3,6,3148
]2[C@@H]3C,6,3149
2[C@@H]3,6,3150
2[C@@H]3C,6,3151
@H](C)C,6,3152
H](C)C,6,3153
](C)C,6,3154
C(=O)c2,6,3155
C(=O)c2c,6,3156
(=O)c2cc,6,3157
=O)c2cc,6,3158
O)c2ccc,6,3159
2)n,6,3160
C(=O)OCCN,6,3161
(=O)OCCN,6,3162
=O)OCCN,6,3163
O)OCCN,6,3164
)OCCN,6,3165
N)cc,6,3166
O)/,6,3167
c1c(C),6,3168
1c(C),6,3169
C)c2c,6,3170
c3[,6,3171
C[C@@]1,6,3172
[C@@]12,6,3173
C@@]12,6,3174
@@]12,6,3175
@]12CC[,6,3176
@]12CC[C,6,3177
@]12CC[C@,6,3178
]12CC[,6,3179
]12CC[C,6,3180
]12CC[C@,6,3181
12CC[,6,3182
12CC[C,6,3183
12CC[C@,6,3184
2CC[C@H,6,3185
2CC[C@H],6,3186
@H]3c,6,3187
H]3c,6,3188
]3c,6,3189
3c4,6,3190
3c4c,6,3191
4CC[,6,3192
4CC[C,6,3193
4CC[C@,6,3194
@H]3[C@H,6,3195
@H]3[C@H],6,3196
H]3[C@H,6,3197
H]3[C@H],6,3198
]3[C@H,6,3199
]3[C@H],6,3200
H]1CC[C@@H,6,3201
]1CC[C@@H,6,3202
]1CC[C@@H],6,3203
1CC[C@@H]2,6,3204
)NO,6,3205
NO,6,3206
COC(=O)c,6,3207
COC(=O)c1,6,3208
COC(=O)c1c,6,3209
3)n,6,3210
cncc,6,3211
cc(N(,6,3212
cc(N(C,6,3213
(N(C),6,3214
cc1OC,6,3215
c1OC,6,3216
OC[,6,3217
OC[C,6,3218
OC[C@,6,3219
(=O)c3ccc,6,3220
=O)c3ccc,6,3221
C)cc(,6,3222
[nH]ccc,6,3223
nH]ccc,6,3224
H]ccc,6,3225
]ccc,6,3226
CCCC3,6,3227
CCCC3),6,3228
CCC3),6,3229
@](C,6,3230
2CCN,6,3231
ccc(F,6,3232
ccc(F),6,3233
ccc(F)c,6,3234
C[C@]12CC,6,3235
[C@]12CC,6,3236
C@]12CC,6,3237
CC[C@@H]1,6,3238
=O)N1C,6,3239
O)N1C,6,3240
)N1CC,6,3241
1CCCC,6,3242
(Nc2,6,3243
c2ncc,6,3244
2ncc,6,3245
CCNC(,6,3246
n2c,6,3247
c1ccc2c(,6,3248
1ccc2c(,6,3249
ccc2c(,6,3250
cc4c,6,3251
n2),6,3252
c5c,6,3253
5c,6,3254
cnc3,6,3255
4)c(,6,3256
c23,6,3257
c23),6,3258
3)c(,6,3259
c2cn,6,3260
2cn,6,3261
cnn,6,3262
c(Nc3,6,3263
c(Nc3c,6,3264
c(Nc3cc,6,3265
(Nc3,6,3266
(Nc3c,6,3267
(Nc3cc,6,3268
OCc,6,3269
nc2c1n,5,3270
nc2c1nc,5,3271
nc2c1ncn,5,3272
nc2c1ncn2,5,3273
nc2c1ncn2[,5,3274
c2c1n,5,3275
c2c1nc,5,3276
c2c1ncn,5,3277
c2c1ncn2,5,3278
c2c1ncn2[,5,3279
c2c1ncn2[C,5,3280
2c1n,5,3281
2c1nc,5,3282
2c1ncn,5,3283
2c1ncn2,5,3284
2c1ncn2[,5,3285
2c1ncn2[C,5,3286
2c1ncn2[C@,5,3287
c1ncn2,5,3288
c1ncn2[,5,3289
c1ncn2[C,5,3290
c1ncn2[C@,5,3291
1ncn2,5,3292
1ncn2[,5,3293
1ncn2[C,5,3294
1ncn2[C@,5,3295
ncn2[,5,3296
ncn2[C,5,3297
ncn2[C@,5,3298
cn2[,5,3299
cn2[C,5,3300
cn2[C@,5,3301
n2[,5,3302
n2[C,5,3303
n2[C@,5,3304
O[C@H](,5,3305
[C@@H]1O,5,3306
C@@H]1O,5,3307
@@H]1O,5,3308
cc2nc,5,3309
=O)n,5,3310
O)CO),5,3311
)CO),5,3312
CO)c,5,3313
c2cc1,5,3314
2cc1,5,3315
(CC(,5,3316
C(=O)[O-]),5,3317
CCCC(=O)O,5,3318
(N)C,5,3319
)Cc1,5,3320
@]2(O,5,3321
@]2(O),5,3322
]2(O,5,3323
]2(O),5,3324
2(O,5,3325
2(O),5,3326
O)CCCC,5,3327
CN(C)C),5,3328
Cn1c(=O)c,5,3329
n1c(=O)c,5,3330
1c(=O)c,5,3331
c(=O)c2c,5,3332
c(n,5,3333
n2C,5,3334
)n(C)c,5,3335
c1=,5,3336
c1=O,5,3337
](C)(C,5,3338
(C)(C)CC,5,3339
C)(C)CC,5,3340
)(C)CC,5,3341
)CCC(,5,3342
CC(=O)OC,5,3343
N(CCO,5,3344
CCOc,5,3345
CCOc1,5,3346
CCOc1c,5,3347
CCOc1cc,5,3348
COc1ccc(,5,3349
ccc(NS,5,3350
ccc(NS(,5,3351
cc(NS(C,5,3352
cc(NS(C),5,3353
cc(NS(C)(,5,3354
cc(NS(C)(=,5,3355
c(NS(C,5,3356
c(NS(C),5,3357
c(NS(C)(,5,3358
c(NS(C)(=,5,3359
c(NS(C)(=O,5,3360
(NS(C,5,3361
(NS(C),5,3362
(NS(C)(,5,3363
(NS(C)(=,5,3364
(NS(C)(=O,5,3365
(NS(C)(=O),5,3366
NS(C,5,3367
NS(C),5,3368
NS(C)(,5,3369
NS(C)(=,5,3370
NS(C)(=O,5,3371
NS(C)(=O),5,3372
NS(C)(=O)=,5,3373
=O)cc1,5,3374
cc1)C,5,3375
1)CC,5,3376
Cc1n,5,3377
c(N)nc,5,3378
(N)nc,5,3379
N)nc,5,3380
)nc(,5,3381
c(Cl)cc1,5,3382
(Cl)cc1,5,3383
Cl)cc1,5,3384
l)cc1,5,3385
c1ccc(-,5,3386
1ccc(-,5,3387
ccc(-c2c,5,3388
ccc3c,5,3389
C(=O)O)cc,5,3390
(=O)O)cc,5,3391
=O)O)cc,5,3392
O)O)cc,5,3393
)O)cc,5,3394
O)ccc,5,3395
c3c2,5,3396
3c2,5,3397
cc1[,5,3398
@H]3C[,5,3399
@H]3C[C,5,3400
@H]3C[C@,5,3401
H]3C[,5,3402
H]3C[C,5,3403
H]3C[C@,5,3404
]3C[,5,3405
]3C[C,5,3406
]3C[C@,5,3407
(C3,5,3408
FC(,5,3409
FC(F,5,3410
FC(F),5,3411
(F)C,5,3412
Nc1nc(,5,3413
2[C@@H]1C,5,3414
[C@@H]1C[,5,3415
[C@@H]1C[C,5,3416
C@@H]1C[,5,3417
C@@H]1C[C,5,3418
C@@H]1C[C@,5,3419
@@H]1C[,5,3420
@@H]1C[C,5,3421
@@H]1C[C@,5,3422
[C@@H](CO,5,3423
[C@@H](CO),5,3424
C@@H](CO,5,3425
C@@H](CO),5,3426
@@H](CO,5,3427
@@H](CO),5,3428
O1,5,3429
C(=O)C(,5,3430
(=O)C(,5,3431
(c2cccc,5,3432
)(c,5,3433
C(=C,5,3434
(=C,5,3435
C)c1c,5,3436
C)c1cc,5,3437
)cc1)c1cc,5,3438
)[C@H]1c,5,3439
)[C@H]1c1,5,3440
)[C@H]1c1c,5,3441
[C@H]1c1cc,5,3442
C@H]1c1cc,5,3443
C@H]1c1ccc,5,3444
onc,5,3445
(C)O,5,3446
@H]2[C@H](,5,3447
H]2[C@H](,5,3448
]2[C@H](,5,3449
2[C@H](,5,3450
@]3(,5,3451
)OC(C)(,5,3452
)OC(C)(C,5,3453
)OC(C)(C),5,3454
OC(C)(,5,3455
OC(C)(C,5,3456
OC(C)(C),5,3457
O[C@],5,3458
CC#,5,3459
C#N),5,3460
#N),5,3461
N2C(C(=O)O,5,3462
2C(C(=O)O,5,3463
2C(C(=O)O),5,3464
(=O)O)=C(C,5,3465
=O)O)=C(C,5,3466
O)O)=C(C,5,3467
)O)=C(C,5,3468
C(CS,5,3469
(CS,5,3470
@H]21,5,3471
H]21,5,3472
[C@@H](Cc,5,3473
[C@@H](Cc1,5,3474
C@@H](Cc,5,3475
C@@H](Cc1,5,3476
C@@H](Cc1c,5,3477
@@H](Cc,5,3478
@@H](Cc1,5,3479
@@H](Cc1c,5,3480
@@H](Cc1cc,5,3481
@H](Cc1,5,3482
@H](Cc1c,5,3483
@H](Cc1cc,5,3484
H](Cc1,5,3485
H](Cc1c,5,3486
H](Cc1cc,5,3487
](Cc1,5,3488
](Cc1c,5,3489
](Cc1cc,5,3490
c(Oc2,5,3491
c(Oc2c,5,3492
c(Oc2cc,5,3493
(Oc2,5,3494
(Oc2c,5,3495
(Oc2cc,5,3496
Oc2,5,3497
Oc2c,5,3498
Oc2cc,5,3499
C@H]1O[C@@,5,3500
]1O[C@@H](,5,3501
1O[C@@H](,5,3502
C@@H]2[C@H,5,3503
@@H]2[C@H,5,3504
@@H]2[C@H],5,3505
([C@H,5,3506
([C@H],5,3507
O[C@H]2C,5,3508
@H]1N,5,3509
H]1N,5,3510
]1N,5,3511
C=C(C,5,3512
1C(=O)N2C(,5,3513
[C@H](C(,5,3514
C@H](C(,5,3515
(C(=O)Nc,5,3516
ccc(C(=O)O,5,3517
)c4,5,3518
c4),5,3519
C#C[C@],5,3520
C#C[C@]1,5,3521
C#C[C@]1(,5,3522
C#C[C@]1(O,5,3523
#C[C@],5,3524
#C[C@]1,5,3525
#C[C@]1(,5,3526
#C[C@]1(O,5,3527
C[C@]1(,5,3528
C[C@]1(O,5,3529
@]1(O),5,3530
@]1(O)C,5,3531
@]1(O)CC,5,3532
@]1(O)CC[,5,3533
@]1(O)CC[C,5,3534
]1(O),5,3535
]1(O)C,5,3536
]1(O)CC,5,3537
]1(O)CC[,5,3538
]1(O)CC[C,5,3539
]1(O)CC[C@,5,3540
1(O),5,3541
1(O)C,5,3542
1(O)CC,5,3543
1(O)CC[,5,3544
1(O)CC[C,5,3545
1(O)CC[C@,5,3546
O)CC[C@H,5,3547
O)CC[C@H],5,3548
CC[C@H]2[,5,3549
CC[C@H]2[C,5,3550
C[C@H]2[,5,3551
C[C@H]2[C,5,3552
C[C@H]2[C@,5,3553
@H]2[C@H]3,5,3554
H]2[C@H]3,5,3555
H]2[C@H]3C,5,3556
]2[C@H]3,5,3557
]2[C@H]3C,5,3558
]2[C@H]3CC,5,3559
2[C@H]3,5,3560
2[C@H]3C,5,3561
2[C@H]3CC,5,3562
H]3CCC4=CC,5,3563
]3CCC4=CC,5,3564
3CCC4=CC,5,3565
CCC[C@@,5,3566
CCC[C@@H,5,3567
CCC[C@@H],5,3568
@H]4[,5,3569
@H]4[C,5,3570
@H]4[C@,5,3571
H]4[,5,3572
H]4[C,5,3573
H]4[C@,5,3574
]4[,5,3575
]4[C,5,3576
]4[C@,5,3577
3C(,5,3578
)C[C@@],5,3579
c1ccc(C(,5,3580
c1ccc(C(=,5,3581
c1ccc(C(=O,5,3582
1ccc(C(,5,3583
1ccc(C(=,5,3584
1ccc(C(=O,5,3585
1ccc(C(=O),5,3586
)c1cc2,5,3587
)c1cc2c,5,3588
)c1cc2c(,5,3589
)c1cc2c(c,5,3590
)c1cc2c(cc,5,3591
c1cc2c(c,5,3592
c1cc2c(cc,5,3593
c1cc2c(cc1,5,3594
1cc2c(c,5,3595
1cc2c(cc,5,3596
1cc2c(cc1,5,3597
cc2c(cc,5,3598
cc2c(cc1,5,3599
c2c(cc,5,3600
c2c(cc1,5,3601
2c(cc,5,3602
2c(cc1,5,3603
c(cc1,5,3604
(cc1,5,3605
CCCCN,5,3606
c2nc(,5,3607
CCN1CC,5,3608
CN1CCN,5,3609
CN1CCN(,5,3610
1CCN(C(,5,3611
CCN(C(=,5,3612
CCN(C(=O,5,3613
CCN(C(=O),5,3614
CN(C(=,5,3615
CN(C(=O,5,3616
CN(C(=O),5,3617
N(C(=,5,3618
N(C(=O,5,3619
N(C(=O),5,3620
O)N[C@@H](,5,3621
)N[C@@H](C,5,3622
[C@@H](C(,5,3623
C@@H](C(,5,3624
@@H](C(,5,3625
)c2cccc,5,3626
)c2ccccc,5,3627
)c2ccccc2,5,3628
)c2ccccc2),5,3629
cc1)c1cccc,5,3630
c1)c1cccc,5,3631
c1)c1ccccc,5,3632
1)c1cccc,5,3633
1)c1ccccc,5,3634
1)c1ccccc1,5,3635
=CC(=O)CC[,5,3636
CC(=O)CC[,5,3637
CC(=O)CC[C,5,3638
C(=O)CC[,5,3639
C(=O)CC[C,5,3640
C(=O)CC[C@,5,3641
(=O)CC[,5,3642
(=O)CC[C,5,3643
(=O)CC[C@,5,3644
[C@H]3CC[,5,3645
[C@H]3CC[C,5,3646
C@H]3CC[,5,3647
C@H]3CC[C,5,3648
C@H]3CC[C@,5,3649
CC[C@]2,5,3650
1ccc(O)c(O,5,3651
c(O)c(O)c1,5,3652
(O)c(O)c1,5,3653
O)c(O)c1,5,3654
)c(O)c1,5,3655
CC(C)(C)N,5,3656
CC(C)(C)NC,5,3657
C(C)(C)N,5,3658
C(C)(C)NC,5,3659
C(C)(C)NC[,5,3660
(C)(C)N,5,3661
(C)(C)NC,5,3662
(C)(C)NC[,5,3663
(C)(C)NC[C,5,3664
C)(C)N,5,3665
C)(C)NC,5,3666
C)(C)NC[,5,3667
C)(C)NC[C,5,3668
C)(C)NC[C@,5,3669
)(C)N,5,3670
)(C)NC,5,3671
)(C)NC[,5,3672
)(C)NC[C,5,3673
)(C)NC[C@,5,3674
(C)NC[C@H,5,3675
(C)NC[C@H],5,3676
C)NC[C@H,5,3677
C)NC[C@H],5,3678
C)NC[C@H](,5,3679
)NC[C@H,5,3680
)NC[C@H],5,3681
)NC[C@H](,5,3682
)NC[C@H](O,5,3683
nc1N,5,3684
1CCO,5,3685
1CCOC,5,3686
OCCO,5,3687
CCOC(=O)C1,5,3688
[C@@H]1CC[,5,3689
C@@H]1CC[,5,3690
C@@H]1CC[C,5,3691
@@H]1CC[,5,3692
@@H]1CC[C,5,3693
@@H]1CC[C@,5,3694
@H]1CC[C@H,5,3695
H]1CC[C@H,5,3696
H]1CC[C@H],5,3697
]1CC[C@H,5,3698
]1CC[C@H],5,3699
=O)CC[C@@,5,3700
[C@@]4(C,5,3701
C@@]4(C,5,3702
@@]4(C,5,3703
@]4(C),5,3704
]4(C),5,3705
4(C),5,3706
C(=O)c1cc(,5,3707
2ccc(N,5,3708
cc(NC(=O)N,5,3709
c(NC(=O)N,5,3710
(NC(=O)N,5,3711
C(=O)Nc3cc,5,3712
(=O)Nc3cc,5,3713
(=O)Nc3ccc,5,3714
=O)Nc3cc,5,3715
=O)Nc3ccc,5,3716
O)Nc3cc,5,3717
O)Nc3ccc,5,3718
)Nc3cc,5,3719
)Nc3ccc,5,3720
c3ccc(C,5,3721
3ccc(C,5,3722
c(Cl)c(,5,3723
(Cl)c(,5,3724
cn1,5,3725
OCC(,5,3726
CC(C)C,5,3727
)[C@@H]1c,5,3728
)[C@@H]1c1,5,3729
1c1ccccc,5,3730
1c1ccccc1,5,3731
3ccccc3)C(,5,3732
ccccc3)C(,5,3733
ccccc3)C(=,5,3734
cccc3)C(,5,3735
cccc3)C(=,5,3736
cccc3)C(=O,5,3737
ccc3)C(,5,3738
ccc3)C(=,5,3739
ccc3)C(=O,5,3740
ccc3)C(=O),5,3741
cc3)C(,5,3742
cc3)C(=,5,3743
cc3)C(=O,5,3744
cc3)C(=O),5,3745
cc3)C(=O)N,5,3746
c3)C(,5,3747
c3)C(=,5,3748
c3)C(=O,5,3749
c3)C(=O),5,3750
c3)C(=O)N,5,3751
ccc(OC(,5,3752
cc(OC(=,5,3753
cc(OC(=O,5,3754
cc(OC(=O),5,3755
C(C)(C)C),5,3756
(C)(C)C),5,3757
C)(C)C),5,3758
)(C)C),5,3759
C)c(O,5,3760
C)c(OC,5,3761
=C(C(=O)O),5,3762
C(C(=O)O)N,5,3763
(C(=O)O)N,5,3764
(C(=O)O)N2,5,3765
C(=O)O)N,5,3766
C(=O)O)N2,5,3767
C(=O)O)N2C,5,3768
(=O)O)N,5,3769
(=O)O)N2,5,3770
(=O)O)N2C,5,3771
(=O)O)N2C(,5,3772
=O)O)N,5,3773
=O)O)N2,5,3774
=O)O)N2C,5,3775
=O)O)N2C(,5,3776
=O)O)N2C(=,5,3777
O)O)N,5,3778
O)O)N2,5,3779
O)O)N2C,5,3780
O)O)N2C(,5,3781
O)O)N2C(=,5,3782
O)O)N2C(=O,5,3783
)O)N,5,3784
)O)N2,5,3785
)O)N2C,5,3786
)O)N2C(,5,3787
)O)N2C(=,5,3788
)O)N2C(=O,5,3789
)O)N2C(=O),5,3790
O)N2C(=,5,3791
O)N2C(=O,5,3792
O)N2C(=O),5,3793
O)N2C(=O)[,5,3794
)N2C(=,5,3795
)N2C(=O,5,3796
)N2C(=O),5,3797
)N2C(=O)[,5,3798
)N2C(=O)[C,5,3799
Cc3ccc,5,3800
3)[C@@,5,3801
3)[C@@H,5,3802
3)[C@@H],5,3803
c1cc(C,5,3804
/C=C/C(C,5,3805
/C=C/C(C),5,3806
/C=C/C(C)=,5,3807
C=C/C(C,5,3808
C=C/C(C),5,3809
C=C/C(C)=,5,3810
C=C/C(C)=C,5,3811
=C/C(C,5,3812
=C/C(C),5,3813
=C/C(C)=,5,3814
=C/C(C)=C,5,3815
C/C(C,5,3816
C/C(C),5,3817
C/C(C)=,5,3818
C/C(C)=C,5,3819
/C(C,5,3820
/C(C),5,3821
/C(C)=,5,3822
/C(C)=C,5,3823
C/C=C/C,5,3824
=C/C(=O,5,3825
=C/C(=O),5,3826
C/C(=O,5,3827
C/C(=O),5,3828
/C(=O,5,3829
/C(=O),5,3830
)c(C),5,3831
)c(C)c,5,3832
)c2c(c,5,3833
C)[C@H]1C,5,3834
)[C@H]1CC,5,3835
CCC(C,5,3836
CCC(C),5,3837
=C[C@H,5,3838
=C[C@H],5,3839
c1cccc2c1,5,3840
c1cccc2c1C,5,3841
1cccc2c1,5,3842
1cccc2c1C,5,3843
O)C2,5,3844
ccc(OCCN,5,3845
cc(OCCN,5,3846
CCN2,5,3847
CCN2C,5,3848
CCN2CC,5,3849
N2CCC,5,3850
2CCCC,5,3851
CC2)cc,5,3852
CC2)cc1,5,3853
cccc2C,5,3854
ccc2C,5,3855
cc2C,5,3856
Cl)c1,5,3857
l)c1,5,3858
c1C(=O)N[,5,3859
c1C(=O)N[C,5,3860
1C(=O)N[,5,3861
1C(=O)N[C,5,3862
1C(=O)N[C@,5,3863
]1C(=O)N2[,5,3864
1C(=O)N2[,5,3865
1C(=O)N2[C,5,3866
@H]1S,5,3867
@H]1SC,5,3868
@H]1SC(,5,3869
@H]1SC(C,5,3870
@H]1SC(C),5,3871
@H]1SC(C)(,5,3872
H]1S,5,3873
H]1SC,5,3874
H]1SC(,5,3875
H]1SC(C,5,3876
H]1SC(C),5,3877
H]1SC(C)(,5,3878
H]1SC(C)(C,5,3879
]1S,5,3880
]1SC,5,3881
]1SC(,5,3882
]1SC(C,5,3883
]1SC(C),5,3884
]1SC(C)(,5,3885
]1SC(C)(C,5,3886
]1SC(C)(C),5,3887
1SC,5,3888
1SC(,5,3889
1SC(C,5,3890
1SC(C),5,3891
1SC(C)(,5,3892
1SC(C)(C,5,3893
1SC(C)(C),5,3894
1SC(C)(C)[,5,3895
SC(,5,3896
SC(C,5,3897
SC(C),5,3898
SC(C)(,5,3899
SC(C)(C,5,3900
SC(C)(C),5,3901
SC(C)(C)[,5,3902
SC(C)(C)[C,5,3903
@H]2C(=O)O,5,3904
H]2C(=O)O,5,3905
]2C(=O)O,5,3906
2C(=O)O,5,3907
CCCCCC(,5,3908
)NC[C@@,5,3909
)NC[C@@H,5,3910
)NC[C@@H],5,3911
)NC[C@@H](,5,3912
NC[C@@H](O,5,3913
[C@@H](O)c,5,3914
C@@H](O)c,5,3915
C@@H](O)c1,5,3916
@@H](O)c,5,3917
@@H](O)c1,5,3918
@@H](O)c1c,5,3919
\C(=,5,3920
\C(=O,5,3921
\C(=O),5,3922
OC(C)=,5,3923
OC(C)=O,5,3924
C(C)=O)C,5,3925
(C)=O)C,5,3926
C)=O)C,5,3927
csc,5,3928
CC(=O)Oc,5,3929
CC(=O)Oc1,5,3930
CC(=O)Oc1c,5,3931
C(=O)Oc1,5,3932
C(=O)Oc1c,5,3933
(=O)Oc1,5,3934
(=O)Oc1c,5,3935
=O)Oc1,5,3936
=O)Oc1c,5,3937
O)Oc1,5,3938
O)Oc1c,5,3939
)Oc1,5,3940
)Oc1c,5,3941
ccc1C,5,3942
cc1C(,5,3943
+]C,5,3944
]C,5,3945
CCCCC(=,5,3946
CCCCC(=O,5,3947
CCCCC(=O),5,3948
H](O)COc1c,5,3949
](O)COc1c,5,3950
](O)COc1cc,5,3951
(O)COc1c,5,3952
(O)COc1cc,5,3953
(O)COc1ccc,5,3954
nc(-c2cc,5,3955
nc(-c2ccc,5,3956
Cc1cn,5,3957
)c1ccc(C,5,3958
cc(C(=O)N,5,3959
)N[C@H](,5,3960
)N[C@H](C,5,3961
[C@H](CC,5,3962
C@H](CC,5,3963
c2ccccc2)c,5,3964
2ccccc2)c,5,3965
ccccc2)c,5,3966
cccc2)c,5,3967
ccc2)c,5,3968
cc2)CC,5,3969
c2)CC1,5,3970
O)c3ccccc3,5,3971
@H]3[C@@,5,3972
@H]3[C@@H,5,3973
@H]3[C@@H],5,3974
H]3[C@@,5,3975
H]3[C@@H,5,3976
H]3[C@@H],5,3977
]3[C@@,5,3978
]3[C@@H,5,3979
]3[C@@H],5,3980
@H]4C,5,3981
H]4C,5,3982
]4C,5,3983
3(C),5,3984
[C@]2(C,5,3985
C@]2(C,5,3986
C(=O)CO,5,3987
(=O)CO,5,3988
=O)CO,5,3989
(C(N,5,3990
(C(N),5,3991
(C(N)=,5,3992
(C(N)=O,5,3993
(C(N)=O),5,3994
(C(C,5,3995
(C(C),5,3996
)=O)CC,5,3997
)[C@@H]3,5,3998
([C@@,5,3999
([C@@H,5,4000
([C@@H],5,4001
Oc1ccc2c,5,4002
C(=O)c2cc,5,4003
(=O)c2ccc,5,4004
=O)c2ccc,5,4005
CN3,5,4006
CN3C,5,4007
2)[,5,4008
2)[C,5,4009
2)[C@,5,4010
O[C@@H](C,5,4011
@H](CO)[,5,4012
@H](CO)[C,5,4013
@H](CO)[C@,5,4014
H](CO)[,5,4015
H](CO)[C,5,4016
H](CO)[C@,5,4017
](CO)[,5,4018
](CO)[C,5,4019
](CO)[C@,5,4020
CO)[C@H,5,4021
CO)[C@H],5,4022
CO)[C@H](,5,4023
CCS,5,4024
CS(,5,4025
CS(=,5,4026
CS(=O,5,4027
CS(=O),5,4028
CS(=O)(,5,4029
CS(=O)(=,5,4030
CS(=O)(=O,5,4031
CS(=O)(=O),5,4032
C(=O)/,5,4033
(=O)/,5,4034
=O)/,5,4035
O)/C,5,4036
(C)c2,5,4037
@H](c,5,4038
H](c,5,4039
](c,5,4040
Cl)C,5,4041
l)C,5,4042
c(OC)c(,5,4043
(OC)c(,5,4044
OC)c(,5,4045
)c(OC)cc,5,4046
C[C@@]12,5,4047
C[C@@]12C,5,4048
[C@@]12C,5,4049
C@@]12C,5,4050
@@]12C,5,4051
@]12CC[C@H,5,4052
]12CC[C@H,5,4053
]12CC[C@H],5,4054
12CC[C@H,5,4055
12CC[C@H],5,4056
12CC[C@H]3,5,4057
2CC[C@H]3,5,4058
C[C@H]3c,5,4059
C[C@H]3c4,5,4060
C[C@H]3c4c,5,4061
[C@H]3c,5,4062
[C@H]3c4,5,4063
[C@H]3c4c,5,4064
[C@H]3c4cc,5,4065
C@H]3c,5,4066
C@H]3c4,5,4067
C@H]3c4c,5,4068
C@H]3c4cc,5,4069
C@H]3c4ccc,5,4070
@H]3c4,5,4071
@H]3c4c,5,4072
@H]3c4cc,5,4073
@H]3c4ccc,5,4074
H]3c4,5,4075
H]3c4c,5,4076
H]3c4cc,5,4077
H]3c4ccc,5,4078
]3c4,5,4079
]3c4c,5,4080
]3c4cc,5,4081
]3c4ccc,5,4082
3c4cc,5,4083
3c4ccc,5,4084
c4ccc(O,5,4085
4ccc(O,5,4086
)cc4C,5,4087
cc4C,5,4088
[C@H]3[,5,4089
[C@H]3[C,5,4090
[C@H]3[C@,5,4091
C@H]3[,5,4092
C@H]3[C,5,4093
C@H]3[C@,5,4094
C[C@@H]2O,5,4095
[C@@H]2O,5,4096
C@@H]2O,5,4097
@@H]2O,5,4098
C)[C@H](,5,4099
)nc1,5,4100
)c(=,5,4101
)c(=O,5,4102
)c(=O),5,4103
-c3,5,4104
cc3)cc,5,4105
@H](OC,5,4106
H](OC,5,4107
](OC,5,4108
cc(N(C),5,4109
c(N(C),5,4110
(N(C)C,5,4111
)CN,5,4112
CNC(C,5,4113
CNC(C),5,4114
)CCN,5,4115
C(=O)c3,5,4116
C(=O)c3c,5,4117
C(=O)c3cc,5,4118
C(=O)c3ccc,5,4119
[C@@H]1[,5,4120
[C@@H]1[C,5,4121
[C@@H]1[C@,5,4122
C@@H]1[,5,4123
C@@H]1[C,5,4124
C@@H]1[C@,5,4125
@@H]1[,5,4126
@@H]1[C,5,4127
@@H]1[C@,5,4128
1[C@@,5,4129
1[C@@H,5,4130
1[C@@H],5,4131
@H]2CC,5,4132
H]2CC,5,4133
]2CC,5,4134
CC[C@H]1,5,4135
/C=C/c,5,4136
C=C/c,5,4137
C)cc(O,5,4138
C)cc(OC,5,4139
)cc(O,5,4140
)cc(OC,5,4141
[C@@](,5,4142
C@@](,5,4143
@@](,5,4144
(CCO),5,4145
(N2,5,4146
(N2C,5,4147
[C@](,5,4148
C@](,5,4149
#CC,5,4150
N2CCN,5,4151
CN[C@@,5,4152
)C2),5,4153
F)cc2,5,4154
)cc2)C,5,4155
1[C@H,5,4156
1[C@H],5,4157
C=C1,5,4158
1CCCC1,5,4159
c(Cl)cc2,5,4160
(Cl)cc2,5,4161
Cl)cc2,5,4162
l)cc2,5,4163
c(Nc2,5,4164
CCNC(=,5,4165
CCNC(=O,5,4166
CCNC(=O),5,4167
CCNC(=O)c,5,4168
32,5,4169
O)c1cccc,5,4170
CCc2,5,4171
c3[n,5,4172
c3[nH,5,4173
c3[nH],5,4174
3[n,5,4175
3[nH,5,4176
3[nH],5,4177
F)ccc,5,4178
)ccc2,5,4179
@]2(C),5,4180
@]2(C)[,5,4181
@]2(C)[C,5,4182
@]2(C)[C@,5,4183
]2(C),5,4184
]2(C)[,5,4185
]2(C)[C,5,4186
]2(C)[C@,5,4187
2(C)[,5,4188
2(C)[C,5,4189
2(C)[C@,5,4190
Nc2c,5,4191
(C)C(,5,4192
(C)C(=,5,4193
(C)C(=O,5,4194
(C)C(=O),5,4195
N=C(N,5,4196
N=C(N),5,4197
=C(N),5,4198
N(c,5,4199
N(c2,5,4200
nc4,5,4201
c1ccc2c(c,5,4202
c1ccc2c(c1,5,4203
1ccc2c(c,5,4204
1ccc2c(c1,5,4205
1ccc2c(c1),5,4206
ccc2c(c,5,4207
ccc2c(c1,5,4208
ccc2c(c1),5,4209
cc2c(c1,5,4210
cc2c(c1),5,4211
1cnc2c,5,4212
c2nccc,5,4213
c2nccc(,5,4214
2nccc,5,4215
2nccc(,5,4216
(C)n,5,4217
N4,5,4218
N4C,5,4219
N4CC,5,4220
cc23,5,4221
cc23),5,4222
Oc3,5,4223
4)cc,5,4224
c(Nc3ccc,5,4225
(Nc3ccc,5,4226
c(F)c(,5,4227
(F)c(,5,4228
3)CC,5,4229
